t0, t, x, y, z, qx, qy, qz, qw
171.083,0,0.02115,-0.211908,1.63683,-0.25308,0.0769425,0.141625,-0.953925
171.092,0.009,0.0211481,-0.211892,1.63681,-0.253092,0.0766853,0.141449,-0.953969
171.1,0.017,0.0211378,-0.211889,1.63684,-0.252606,0.0769408,0.141126,-0.954125
171.108,0.025,0.0211344,-0.211887,1.63687,-0.251829,0.0767404,0.140836,-0.954389
171.117,0.034,0.0211324,-0.211888,1.63692,-0.251887,0.0767428,0.140611,-0.954407
171.125,0.042,0.0211289,-0.211877,1.63691,-0.251307,0.0767416,0.140377,-0.954594
171.133,0.05,0.0211305,-0.211869,1.63694,-0.25178,0.077549,0.140093,-0.954446
171.142,0.059,0.0211313,-0.21186,1.63696,-0.251279,0.0772195,0.139706,-0.954661
171.15,0.067,0.0211214,-0.211804,1.63703,-0.252355,0.0770352,0.139315,-0.95445
171.158,0.075,0.0211048,-0.211738,1.63713,-0.253093,0.0767331,0.138762,-0.954359
171.167,0.084,0.0210664,-0.211571,1.63719,-0.255436,0.0753243,0.138367,-0.953905
171.175,0.092,0.0210892,-0.211018,1.63606,-0.235063,0.0812455,0.133295,-0.959363
171.183,0.1,0.0209999,-0.210725,1.63639,-0.249804,0.0740669,0.133904,-0.956129
171.192,0.109,0.0209003,-0.210192,1.63663,-0.261056,0.0716512,0.133177,-0.953404
171.2,0.117,0.0206401,-0.209537,1.63718,-0.301194,0.0741538,0.133175,-0.941301
171.208,0.125,0.0203634,-0.208431,1.63845,-0.279299,0.0609159,0.127824,-0.949706
171.217,0.134,0.0200432,-0.207073,1.63839,-0.277135,0.0665494,0.121033,-0.950851
171.225,0.142,0.0194985,-0.205994,1.63934,-0.316668,0.06864,0.117055,-0.93878
171.233,0.15,0.0190073,-0.204541,1.63963,-0.298833,0.0628006,0.106589,-0.946253
171.242,0.159,0.0182402,-0.202792,1.63856,-0.279233,0.0599724,0.0936992,-0.953757
171.25,0.167,0.0171436,-0.201486,1.63932,-0.291663,0.0466257,0.0856069,-0.951541
171.258,0.175,0.0162062,-0.199568,1.63911,-0.280891,0.039505,0.0741231,-0.956057
171.267,0.184,0.015395,-0.197317,1.63864,-0.274726,0.0335939,0.0644385,-0.958773
171.275,0.192,0.0145797,-0.194752,1.63816,-0.273232,0.0288742,0.0560778,-0.959878
171.283,0.2,0.0138135,-0.192157,1.63858,-0.295978,0.0289258,0.0517886,-0.953351
171.292,0.209,0.013462,-0.188619,1.63802,-0.287269,0.0246827,0.04799,-0.956328
171.3,0.217,0.0134228,-0.18456,1.63827,-0.273932,0.0164897,0.0471744,-0.96045
171.308,0.225,0.0132573,-0.181048,1.63877,-0.284737,0.0167707,0.0471739,-0.957297
171.317,0.234,0.0135814,-0.177332,1.63789,-0.275786,0.0141304,0.042853,-0.960159
171.325,0.242,0.0141356,-0.173762,1.63781,-0.286686,0.012062,0.0430837,-0.956979
171.333,0.25,0.0150145,-0.169866,1.63877,-0.272685,0.00878542,0.0412754,-0.961177
171.342,0.259,0.0158139,-0.165832,1.63753,-0.279118,0.0143055,0.041334,-0.95926
171.35,0.267,0.0170784,-0.161767,1.6376,-0.274476,0.01413,0.0416663,-0.960587
171.358,0.275,0.0182622,-0.158122,1.6375,-0.294176,0.021172,0.0423698,-0.954577
171.367,0.284,0.0196755,-0.154161,1.6357,-0.300944,0.0276872,0.0421107,-0.952309
171.375,0.292,0.0214788,-0.15035,1.63667,-0.291535,0.0269501,0.0418939,-0.955262
171.383,0.3,0.0229578,-0.146922,1.63554,-0.317321,0.0414083,0.0419733,-0.946484
171.392,0.309,0.0246252,-0.143309,1.63451,-0.314514,0.0511978,0.0411423,-0.946978
171.4,0.317,0.0262617,-0.140353,1.63309,-0.331961,0.0575351,0.041608,-0.940617
171.408,0.325,0.0280097,-0.137478,1.63314,-0.336934,0.0727591,0.0390595,-0.9379
171.417,0.334,0.0295065,-0.135235,1.63228,-0.358504,0.0677047,0.0426203,-0.930094
171.425,0.342,0.0312043,-0.13318,1.63316,-0.343406,0.0716433,0.0411452,-0.935546
171.433,0.35,0.0332605,-0.131585,1.63388,-0.382227,0.0830341,0.0408128,-0.919425
171.442,0.359,0.0340743,-0.130227,1.63235,-0.352968,0.0789365,0.042327,-0.931338
171.45,0.367,0.0352602,-0.129107,1.62955,-0.353538,0.0897506,0.0415549,-0.930177
171.458,0.375,0.0372563,-0.128755,1.63287,-0.389793,0.103762,0.0407641,-0.91413
171.467,0.384,0.0388069,-0.128908,1.63501,-0.395747,0.0853329,0.0484974,-0.9131
171.475,0.392,0.0397331,-0.128975,1.63327,-0.391537,0.107442,0.0448254,-0.912768
171.483,0.4,0.0400141,-0.12946,1.62984,-0.368529,0.0888649,0.0541285,-0.923775
171.492,0.409,0.0414933,-0.13042,1.63237,-0.3529,0.110678,0.0525843,-0.927603
171.5,0.417,0.0425453,-0.132465,1.63437,-0.39295,0.112978,0.0555243,-0.910903
171.508,0.425,0.0428104,-0.134024,1.63244,-0.351976,0.113641,0.0621384,-0.927005
171.517,0.434,0.0431623,-0.13681,1.63268,-0.35354,0.11583,0.0657548,-0.925888
171.525,0.442,0.043858,-0.139932,1.63593,-0.343699,0.130457,0.0673484,-0.927532
171.533,0.45,0.0433131,-0.143408,1.63431,-0.351009,0.122233,0.0766031,-0.925194
171.542,0.459,0.0436319,-0.147138,1.63806,-0.333956,0.14397,0.07914,-0.928161
171.55,0.467,0.043243,-0.152263,1.64129,-0.395322,0.116611,0.0927326,-0.906379
171.558,0.475,0.043243,-0.152263,1.64129,-0.395322,0.116611,0.0927326,-0.906379
171.567,0.484,0.043243,-0.152263,1.64129,-0.395322,0.116611,0.0927326,-0.906379
171.575,0.492,0.043243,-0.152263,1.64129,-0.395322,0.116611,0.0927326,-0.906379
171.583,0.5,0.043243,-0.152263,1.64129,-0.395322,0.116611,0.0927326,-0.906379
171.592,0.509,0.043243,-0.152263,1.64129,-0.395322,0.116611,0.0927326,-0.906379
171.6,0.517,0.043243,-0.152263,1.64129,-0.395322,0.116611,0.0927326,-0.906379
171.608,0.525,0.043243,-0.152263,1.64129,-0.395322,0.116611,0.0927326,-0.906379
171.617,0.534,0.043243,-0.152263,1.64129,-0.395322,0.116611,0.0927326,-0.906379
171.625,0.542,0.043243,-0.152263,1.64129,-0.395322,0.116611,0.0927326,-0.906379
171.633,0.55,0.043243,-0.152263,1.64129,-0.395322,0.116611,0.0927326,-0.906379
171.642,0.559,0.043243,-0.152263,1.64129,-0.395322,0.116611,0.0927326,-0.906379
171.65,0.567,0.0221369,-0.205532,1.65662,-0.28904,0.108516,0.148554,-0.939474
171.658,0.575,0.0225629,-0.206363,1.65428,-0.292082,0.121105,0.141154,-0.938135
171.667,0.584,0.0231106,-0.206878,1.65381,-0.268876,0.104118,0.139243,-0.947352
171.675,0.592,0.0230692,-0.207082,1.65356,-0.271657,0.106023,0.141091,-0.946074
171.683,0.6,0.0227816,-0.207337,1.65344,-0.25862,0.099843,0.139217,-0.950666
171.692,0.609,0.0225456,-0.207711,1.65319,-0.249491,0.0978818,0.138157,-0.95346
171.7,0.617,0.0223444,-0.208172,1.65375,-0.260407,0.0947489,0.139974,-0.950588
171.708,0.625,0.0223125,-0.208293,1.6537,-0.258251,0.0940218,0.140455,-0.951178
171.717,0.634,0.0222992,-0.208403,1.65365,-0.255734,0.0941565,0.14027,-0.951871
171.725,0.642,0.0222751,-0.208461,1.6536,-0.25593,0.0937427,0.140681,-0.951799
171.733,0.65,0.0222374,-0.208489,1.65367,-0.256484,0.0926847,0.141171,-0.951681
171.742,0.659,0.0222004,-0.208512,1.65368,-0.256713,0.0918855,0.141542,-0.951642
171.75,0.667,0.0221664,-0.208561,1.65371,-0.257469,0.0913651,0.141774,-0.951453
171.758,0.675,0.0221505,-0.208621,1.6537,-0.256577,0.0916163,0.141631,-0.951691
171.767,0.684,0.0221512,-0.208723,1.65369,-0.255336,0.0923232,0.141284,-0.952008
171.775,0.692,0.022128,-0.208887,1.65385,-0.246121,0.0901432,0.139393,-0.954918
171.783,0.7,0.0221099,-0.20894,1.65385,-0.246245,0.090546,0.139231,-0.954872
171.792,0.709,0.022084,-0.20899,1.65384,-0.24575,0.0900482,0.139152,-0.955058
171.8,0.717,0.0220789,-0.209046,1.65378,-0.244164,0.0905989,0.138664,-0.955483
171.808,0.725,0.0220822,-0.209092,1.65373,-0.243458,0.0908213,0.138561,-0.955657
171.817,0.734,0.0220776,-0.20914,1.65373,-0.241636,0.0910154,0.13803,-0.956178
171.825,0.742,0.0220808,-0.209142,1.65369,-0.24219,0.0912225,0.138043,-0.956016
171.833,0.75,0.0220785,-0.209138,1.65366,-0.241486,0.0912471,0.137705,-0.95624
171.842,0.759,0.0220799,-0.209122,1.65372,-0.242492,0.09125,0.137784,-0.955974
171.85,0.767,0.0220628,-0.20911,1.65382,-0.242681,0.0908855,0.137653,-0.95598
171.858,0.775,0.0220491,-0.209062,1.65381,-0.2442,0.0904091,0.13795,-0.955595
171.867,0.784,0.0220281,-0.209033,1.65389,-0.245523,0.0897634,0.138098,-0.955296
171.875,0.792,0.0220118,-0.209012,1.65397,-0.245479,0.0899369,0.137909,-0.955318
171.883,0.8,0.0220048,-0.208959,1.65401,-0.246952,0.0893157,0.138174,-0.954958
171.892,0.809,0.0219913,-0.20891,1.65403,-0.247397,0.08921,0.138205,-0.954849
171.9,0.817,0.0219813,-0.208886,1.65407,-0.247952,0.0888058,0.138127,-0.954754
171.908,0.825,0.0219901,-0.208877,1.65413,-0.248807,0.0888049,0.138227,-0.954517
171.917,0.834,0.0219891,-0.208862,1.65408,-0.248388,0.0886247,0.13808,-0.954664
171.925,0.842,0.0219874,-0.208858,1.6541,-0.248597,0.0884382,0.138067,-0.954629
171.933,0.85,0.0219888,-0.208852,1.65413,-0.249805,0.0882195,0.138303,-0.954299
171.942,0.859,0.0219873,-0.208841,1.65412,-0.249439,0.0886951,0.138087,-0.954382
171.95,0.867,0.0219858,-0.20883,1.65413,-0.250226,0.0879414,0.138231,-0.954225
171.958,0.875,0.0219843,-0.20882,1.65412,-0.250215,0.0881556,0.138136,-0.954222
171.967,0.884,0.0219828,-0.208814,1.65412,-0.250213,0.0878994,0.138105,-0.954251
171.975,0.892,0.0219756,-0.208811,1.65415,-0.250597,0.0880487,0.138171,-0.954126
171.983,0.9,0.0219669,-0.208816,1.65418,-0.251174,0.08776,0.138335,-0.953978
171.992,0.909,0.021952,-0.208817,1.6542,-0.251293,0.0875515,0.138315,-0.953968
172,0.917,0.0219511,-0.208834,1.65425,-0.252046,0.087428,0.13854,-0.953748
172.008,0.925,0.0219533,-0.208854,1.65421,-0.251603,0.0872348,0.138549,-0.953882
172.017,0.934,0.0219491,-0.208876,1.65419,-0.251302,0.0872573,0.138479,-0.953969
172.025,0.942,0.0219555,-0.208902,1.65409,-0.250045,0.0875926,0.138212,-0.954307
172.033,0.95,0.0219608,-0.208924,1.65407,-0.25024,0.0879691,0.138185,-0.954226
172.042,0.959,0.0219722,-0.208948,1.65402,-0.249337,0.0881136,0.138033,-0.954471
172.05,0.967,0.021981,-0.208977,1.65403,-0.248692,0.0887371,0.137781,-0.954617
172.058,0.975,0.021992,-0.208992,1.65393,-0.248698,0.0886972,0.137802,-0.954617
172.067,0.984,0.0219897,-0.209026,1.65396,-0.247048,0.088954,0.137338,-0.955088
172.075,0.992,0.0219907,-0.20905,1.65394,-0.247703,0.0894082,0.137407,-0.954866
172.083,1,0.0219891,-0.209031,1.65301,-0.25504,0.0937531,0.137281,-0.952533
172.092,1.009,0.0219819,-0.209077,1.65393,-0.247472,0.0893357,0.13718,-0.954965
172.1,1.017,0.0219719,-0.209043,1.65302,-0.25487,0.0931533,0.137142,-0.952657
172.108,1.025,0.0219751,-0.209044,1.653,-0.255143,0.0929065,0.137065,-0.95262
172.117,1.034,0.0219605,-0.209046,1.65309,-0.255118,0.0933721,0.136845,-0.952612
172.125,1.042,0.0219636,-0.209049,1.65309,-0.254648,0.093171,0.136541,-0.952801
172.133,1.05,0.0219264,-0.209135,1.65304,-0.266881,0.0944117,0.137302,-0.949215
172.142,1.059,0.0219241,-0.209142,1.65303,-0.266808,0.0943885,0.137128,-0.949263
172.15,1.067,0.0219173,-0.20914,1.65308,-0.266916,0.0944583,0.136871,-0.949263
172.158,1.075,0.0219082,-0.209119,1.65311,-0.266461,0.0945276,0.136418,-0.949449
172.167,1.084,0.0218854,-0.209096,1.65318,-0.266725,0.0942825,0.136172,-0.949434
172.175,1.092,0.0218763,-0.208883,1.65241,-0.25971,0.100205,0.133809,-0.951107
172.183,1.1,0.0218146,-0.208818,1.65368,-0.251555,0.0919888,0.133733,-0.954135
172.192,1.109,0.0217419,-0.208656,1.65386,-0.254973,0.0902665,0.133361,-0.953444
172.2,1.117,0.0215596,-0.208534,1.65478,-0.265043,0.0868781,0.133431,-0.951
172.208,1.125,0.0216043,-0.207705,1.65362,-0.257438,0.102409,0.128643,-0.952202
172.217,1.134,0.0214359,-0.207135,1.65371,-0.266879,0.103333,0.125933,-0.949863
172.225,1.142,0.021098,-0.20655,1.65463,-0.305242,0.105559,0.123568,-0.938305
172.233,1.15,0.0205231,-0.205652,1.6551,-0.341269,0.101474,0.120938,-0.926614
172.242,1.159,0.0202009,-0.204183,1.65653,-0.324529,0.0965216,0.113734,-0.934039
172.25,1.167,0.0193591,-0.202536,1.65596,-0.317485,0.109927,0.0990188,-0.936651
172.258,1.175,0.0179534,-0.201327,1.65529,-0.337964,0.0659648,0.098643,-0.933648
172.267,1.184,0.0177412,-0.19931,1.65666,-0.299564,0.0655617,0.0820728,-0.948276
172.275,1.192,0.016918,-0.197252,1.65652,-0.28371,0.0440962,0.0719676,-0.955188
172.283,1.2,0.0160616,-0.194534,1.65472,-0.261133,0.0477776,0.0563065,-0.962474
172.292,1.209,0.0153464,-0.191869,1.65519,-0.268523,0.0433713,0.0475372,-0.961122
172.3,1.217,0.0146979,-0.188642,1.65501,-0.271575,0.0397678,0.0391362,-0.960799
172.308,1.225,0.0141987,-0.184616,1.65411,-0.272191,0.0398479,0.0340129,-0.960816
172.317,1.234,0.0139643,-0.180056,1.65395,-0.26072,0.0330294,0.0311399,-0.964347
172.325,1.242,0.0137293,-0.175768,1.65356,-0.264785,0.0340286,0.0274623,-0.963316
172.333,1.25,0.0139645,-0.171298,1.65314,-0.262231,0.0299046,0.0242038,-0.964238
172.342,1.259,0.0140971,-0.16728,1.65349,-0.279828,0.0335566,0.0216363,-0.95922
172.35,1.267,0.0146041,-0.162475,1.65255,-0.260501,0.0289579,0.0179217,-0.964873
172.358,1.275,0.014908,-0.158078,1.65201,-0.269063,0.0319746,0.0172949,-0.962436
172.367,1.284,0.0155334,-0.153629,1.65175,-0.26601,0.032092,0.0170631,-0.963285
172.375,1.292,0.016026,-0.149397,1.65111,-0.277332,0.0382316,0.0177416,-0.959849
172.383,1.3,0.0168276,-0.145167,1.65098,-0.277837,0.042994,0.0185015,-0.959487
172.392,1.309,0.0173302,-0.14151,1.65046,-0.304097,0.0487026,0.0216513,-0.951149
172.4,1.317,0.018054,-0.137731,1.64894,-0.309564,0.0578969,0.0219921,-0.94886
172.408,1.325,0.0191504,-0.134148,1.64965,-0.288389,0.0599367,0.0216552,-0.95539
172.417,1.334,0.019806,-0.131042,1.64923,-0.306476,0.0632779,0.0262685,-0.949409
172.425,1.342,0.0205687,-0.128177,1.64843,-0.31509,0.0713743,0.0276673,-0.94597
172.433,1.35,0.0213632,-0.12558,1.64788,-0.318851,0.0808724,0.0289641,-0.943904
172.442,1.359,0.0222703,-0.123429,1.64913,-0.317845,0.0665124,0.0363489,-0.945108
172.45,1.367,0.0227225,-0.121595,1.64537,-0.333584,0.0925089,0.0330315,-0.937589
172.458,1.375,0.0235322,-0.120228,1.64631,-0.331899,0.0938235,0.0361675,-0.93794
172.467,1.384,0.0241001,-0.119137,1.64394,-0.340992,0.105214,0.0374289,-0.933409
172.475,1.392,0.0249398,-0.118461,1.64608,-0.337121,0.104168,0.0428141,-0.934701
172.483,1.4,0.0253418,-0.11837,1.64499,-0.339156,0.106484,0.0455588,-0.933573
172.492,1.409,0.0258865,-0.11866,1.64534,-0.340347,0.108092,0.0492777,-0.932766
172.5,1.417,0.0261586,-0.11927,1.64344,-0.344896,0.111625,0.0533208,-0.930453
172.508,1.425,0.026645,-0.120467,1.64373,-0.341458,0.117694,0.0551407,-0.930868
172.517,1.434,0.0271227,-0.122202,1.64645,-0.343953,0.115554,0.0606689,-0.929873
172.525,1.442,0.0272491,-0.123902,1.64368,-0.339729,0.131616,0.06185,-0.929213
172.533,1.45,0.0277497,-0.126567,1.64646,-0.374767,0.13459,0.0660048,-0.91492
172.542,1.459,0.0280288,-0.129673,1.64909,-0.379638,0.117745,0.075241,-0.914522
172.55,1.467,0.0280159,-0.132825,1.64966,-0.381636,0.118591,0.0802323,-0.913155
172.558,1.475,0.027918,-0.136145,1.64985,-0.380223,0.125419,0.0841337,-0.912481
172.567,1.484,0.0274814,-0.13922,1.64754,-0.358057,0.153546,0.0828355,-0.917255
172.575,1.492,0.026935,-0.142987,1.64539,-0.335853,0.154083,0.0875066,-0.925097
172.583,1.5,0.0265766,-0.147887,1.64832,-0.377438,0.146742,0.0924049,-0.909653
172.592,1.509,0.0257932,-0.151882,1.64699,-0.330581,0.154356,0.0960311,-0.926104
172.6,1.517,0.0251773,-0.157078,1.65027,-0.376281,0.148493,0.101147,-0.908918
172.608,1.525,0.024294,-0.161244,1.65011,-0.316378,0.163382,0.104013,-0.928651
172.617,1.534,0.023153,-0.166432,1.65176,-0.357759,0.154013,0.111362,-0.914269
172.625,1.542,0.023153,-0.166432,1.65176,-0.357759,0.154013,0.111362,-0.914269
172.633,1.55,0.023153,-0.166432,1.65176,-0.357759,0.154013,0.111362,-0.914269
172.642,1.559,0.023153,-0.166432,1.65176,-0.357759,0.154013,0.111362,-0.914269
172.65,1.567,0.023153,-0.166432,1.65176,-0.357759,0.154013,0.111362,-0.914269
172.658,1.575,0.023153,-0.166432,1.65176,-0.357759,0.154013,0.111362,-0.914269
172.667,1.584,0.023153,-0.166432,1.65176,-0.357759,0.154013,0.111362,-0.914269
172.675,1.592,0.023153,-0.166432,1.65176,-0.357759,0.154013,0.111362,-0.914269
172.683,1.6,0.023153,-0.166432,1.65176,-0.357759,0.154013,0.111362,-0.914269
172.692,1.609,0.0078875,-0.205563,1.66094,-0.292203,0.118808,0.145046,-0.937797
172.7,1.617,0.00814388,-0.206017,1.65946,-0.252068,0.126653,0.134845,-0.949862
172.708,1.625,0.0079907,-0.206491,1.66031,-0.278207,0.104804,0.139357,-0.944562
172.717,1.634,0.00798404,-0.20658,1.66005,-0.278887,0.103762,0.140993,-0.944233
172.725,1.642,0.00780493,-0.207221,1.65955,-0.271071,0.100535,0.139546,-0.947069
172.733,1.65,0.00771386,-0.207747,1.6583,-0.268033,0.104659,0.138672,-0.947615
172.742,1.659,0.00763311,-0.20802,1.65817,-0.257965,0.103075,0.137583,-0.950737
172.75,1.667,0.00760502,-0.208174,1.65807,-0.254467,0.103158,0.137509,-0.951681
172.758,1.675,0.00754008,-0.208225,1.6583,-0.240084,0.10715,0.135279,-0.95529
172.767,1.684,0.00751293,-0.208271,1.6583,-0.239231,0.106915,0.135651,-0.955477
172.775,1.692,0.00750331,-0.208294,1.65829,-0.23804,0.10635,0.135812,-0.955815
172.783,1.7,0.00750708,-0.208339,1.65822,-0.236854,0.107002,0.135605,-0.956066
172.792,1.709,0.00750025,-0.208405,1.65825,-0.234896,0.106862,0.135563,-0.95657
172.8,1.717,0.00749751,-0.208418,1.65826,-0.23453,0.106896,0.135393,-0.956681
172.808,1.725,0.0074913,-0.208431,1.65831,-0.234731,0.107211,0.135196,-0.956624
172.817,1.734,0.00750637,-0.208381,1.65823,-0.23544,0.107457,0.134934,-0.956459
172.825,1.742,0.00752092,-0.208374,1.65822,-0.235627,0.107802,0.134624,-0.956418
172.833,1.75,0.00755444,-0.208389,1.65812,-0.234945,0.107875,0.13421,-0.956636
172.842,1.759,0.00755636,-0.208443,1.65779,-0.234358,0.11016,0.133416,-0.95663
172.85,1.767,0.00758502,-0.208468,1.65773,-0.233585,0.110554,0.133113,-0.956816
172.858,1.775,0.00760027,-0.208471,1.65766,-0.233509,0.110336,0.133124,-0.956858
172.867,1.784,0.00760021,-0.208433,1.65764,-0.233441,0.110055,0.133076,-0.956914
172.875,1.792,0.00760386,-0.208429,1.65762,-0.233882,0.110406,0.133047,-0.95677
172.883,1.8,0.00759932,-0.208416,1.65759,-0.234589,0.110313,0.133126,-0.956596
172.892,1.809,0.00759792,-0.208447,1.65768,-0.234817,0.11034,0.133134,-0.956536
172.9,1.817,0.00759655,-0.208448,1.65768,-0.235195,0.110662,0.132921,-0.956436
172.908,1.825,0.00759763,-0.208436,1.65768,-0.236404,0.110694,0.13293,-0.956133
172.917,1.834,0.00760226,-0.208399,1.6577,-0.236804,0.110545,0.132778,-0.956072
172.925,1.842,0.00761381,-0.208382,1.65772,-0.236789,0.111097,0.132561,-0.956042
172.933,1.85,0.00762541,-0.208359,1.6576,-0.237566,0.110892,0.132491,-0.955883
172.942,1.859,0.00763988,-0.208403,1.65759,-0.237423,0.111208,0.132386,-0.955896
172.95,1.867,0.00765233,-0.208438,1.65749,-0.237712,0.111237,0.13244,-0.955813
172.958,1.875,0.00765944,-0.208481,1.65748,-0.237129,0.111528,0.13227,-0.955948
172.967,1.884,0.00767031,-0.208492,1.65745,-0.2374,0.111859,0.132168,-0.955856
172.975,1.892,0.00766915,-0.208506,1.6574,-0.237768,0.111588,0.132208,-0.955791
172.983,1.9,0.0076652,-0.208524,1.65743,-0.23756,0.111825,0.13214,-0.955824
172.992,1.909,0.00766392,-0.208541,1.65741,-0.237402,0.111723,0.132082,-0.955883
173,1.917,0.00764825,-0.208536,1.65739,-0.237823,0.111441,0.132095,-0.95581
173.008,1.925,0.00764446,-0.208545,1.65745,-0.238426,0.111362,0.132153,-0.955661
173.017,1.934,0.00762949,-0.208513,1.65745,-0.238598,0.111048,0.132096,-0.955662
173.025,1.942,0.00761648,-0.20849,1.65749,-0.238655,0.111351,0.132025,-0.955622
173.033,1.95,0.00761633,-0.208484,1.65746,-0.23884,0.111075,0.132073,-0.955602
173.042,1.959,0.00761518,-0.208504,1.65749,-0.238782,0.111576,0.131839,-0.95559
173.05,1.967,0.00761892,-0.208524,1.65748,-0.239125,0.111458,0.131986,-0.955498
173.058,1.975,0.007619,-0.208529,1.65751,-0.238946,0.11138,0.131942,-0.955558
173.067,1.984,0.00761205,-0.208516,1.65749,-0.239026,0.111002,0.13189,-0.955589
173.075,1.992,0.00760303,-0.208502,1.65753,-0.240791,0.110596,0.13214,-0.955158
173.083,2,0.00760472,-0.20849,1.65751,-0.238686,0.111603,0.131707,-0.955629
173.092,2.009,0.0075974,-0.208487,1.65747,-0.239484,0.111395,0.131956,-0.955419
173.1,2.017,0.00759409,-0.208509,1.65752,-0.238617,0.111216,0.131742,-0.955687
173.108,2.025,0.00755222,-0.208795,1.6582,-0.266575,0.102938,0.13592,-0.948613
173.117,2.034,0.00754692,-0.208787,1.65817,-0.265651,0.103487,0.135702,-0.948844
173.125,2.042,0.00754233,-0.208786,1.65818,-0.265192,0.103502,0.135618,-0.948983
173.133,2.05,0.00756307,-0.208504,1.65757,-0.237895,0.111623,0.131512,-0.955851
173.142,2.059,0.00754154,-0.208765,1.65817,-0.264802,0.103922,0.135327,-0.949087
173.15,2.067,0.00757026,-0.208476,1.65756,-0.23665,0.112428,0.131014,-0.956134
173.158,2.075,0.00759026,-0.208448,1.65751,-0.237218,0.112139,0.131012,-0.956027
173.167,2.084,0.00759758,-0.208414,1.65761,-0.237314,0.111936,0.130987,-0.956031
173.175,2.092,0.00762032,-0.208368,1.65761,-0.23733,0.112037,0.130881,-0.95603
173.183,2.1,0.00763941,-0.208322,1.6577,-0.237779,0.112096,0.130864,-0.955913
173.192,2.109,0.00767378,-0.208251,1.65775,-0.238425,0.112174,0.130623,-0.955776
173.2,2.117,0.00771597,-0.208213,1.65781,-0.238641,0.112438,0.130411,-0.95572
173.208,2.125,0.00778875,-0.208108,1.65791,-0.239325,0.111729,0.130311,-0.955646
173.217,2.134,0.00785515,-0.207911,1.65766,-0.255222,0.106502,0.131754,-0.951924
173.225,2.142,0.00789546,-0.207429,1.65767,-0.269861,0.103748,0.132968,-0.948014
173.233,2.15,0.00778556,-0.20675,1.65864,-0.274494,0.0980963,0.13273,-0.947319
173.242,2.159,0.00793671,-0.205172,1.65885,-0.272388,0.110057,0.129886,-0.947007
173.25,2.167,0.00761796,-0.203953,1.65897,-0.319317,0.105582,0.131115,-0.932576
173.258,2.175,0.0079233,-0.20183,1.65962,-0.297259,0.107988,0.125644,-0.940314
173.267,2.184,0.00840103,-0.200326,1.6603,-0.299705,0.099003,0.119761,-0.941293
173.275,2.192,0.00934866,-0.197962,1.65916,-0.290617,0.0972847,0.114669,-0.944949
173.283,2.2,0.0107195,-0.194779,1.65983,-0.27707,0.0961713,0.109732,-0.949706
173.292,2.209,0.0121567,-0.190902,1.66063,-0.250373,0.0870085,0.104257,-0.958579
173.3,2.217,0.0138144,-0.186542,1.65938,-0.264982,0.0991699,0.100661,-0.953843
173.308,2.225,0.0156978,-0.1822,1.65955,-0.261909,0.100139,0.0960803,-0.955063
173.317,2.234,0.0177014,-0.177547,1.65822,-0.261543,0.116651,0.088679,-0.954004
173.325,2.242,0.0196091,-0.17299,1.65798,-0.276277,0.112825,0.0856783,-0.950579
173.333,2.25,0.0214761,-0.168042,1.65554,-0.294976,0.129926,0.0789447,-0.943332
173.342,2.259,0.0231915,-0.163142,1.65527,-0.30445,0.128361,0.0754437,-0.94082
173.35,2.267,0.0246408,-0.158169,1.65209,-0.341334,0.127801,0.0737625,-0.928288
173.358,2.275,0.0261752,-0.153057,1.65173,-0.307182,0.147239,0.0653225,-0.937919
173.367,2.284,0.0272396,-0.148571,1.65215,-0.314573,0.141018,0.0643837,-0.93649
173.375,2.292,0.0279291,-0.144135,1.65023,-0.320519,0.141136,0.0620951,-0.934608
173.383,2.3,0.0286248,-0.140033,1.65142,-0.32079,0.138884,0.0617235,-0.934877
173.392,2.309,0.0288605,-0.136141,1.64958,-0.334428,0.140569,0.0605694,-0.929908
173.4,2.317,0.0290747,-0.132582,1.64805,-0.315835,0.14548,0.0576023,-0.935824
173.408,2.325,0.0290867,-0.129457,1.64722,-0.317056,0.142215,0.0569743,-0.935951
173.417,2.334,0.0290335,-0.126584,1.64655,-0.31731,0.142005,0.0566358,-0.935917
173.425,2.342,0.0288743,-0.12399,1.64581,-0.316826,0.144111,0.0565161,-0.935767
173.433,2.35,0.0285504,-0.121812,1.64518,-0.336012,0.142068,0.0584794,-0.929243
173.442,2.359,0.028305,-0.119948,1.6451,-0.316582,0.146415,0.0578696,-0.935409
173.45,2.367,0.0277014,-0.118415,1.64234,-0.317741,0.15479,0.0571055,-0.933713
173.458,2.375,0.0269236,-0.117433,1.64111,-0.331012,0.145862,0.0618689,-0.93023
173.467,2.384,0.0262775,-0.117082,1.64233,-0.330761,0.142657,0.0635709,-0.930701
173.475,2.392,0.025293,-0.116868,1.64035,-0.328943,0.147617,0.064642,-0.930498
173.483,2.4,0.024411,-0.117201,1.64007,-0.330925,0.149421,0.0669836,-0.929341
173.492,2.409,0.02373,-0.118342,1.64142,-0.367723,0.140031,0.0721722,-0.916495
173.5,2.417,0.0221546,-0.119047,1.63676,-0.324895,0.162302,0.0703249,-0.929062
173.508,2.425,0.0212396,-0.12142,1.63995,-0.369123,0.1441,0.0773923,-0.914874
173.517,2.434,0.0194294,-0.123411,1.63779,-0.332937,0.151676,0.0788814,-0.927321
173.525,2.442,0.017983,-0.125868,1.63589,-0.340864,0.1569,0.0826925,-0.923232
173.533,2.45,0.0166147,-0.129085,1.63711,-0.347497,0.158343,0.0864044,-0.920167
173.542,2.459,0.0154332,-0.133057,1.63881,-0.364188,0.143549,0.0937993,-0.915403
173.55,2.467,0.0132948,-0.136309,1.63374,-0.354128,0.147936,0.098951,-0.918105
173.558,2.475,0.0121974,-0.14011,1.6339,-0.311639,0.172289,0.0978943,-0.929309
173.567,2.484,0.0104098,-0.14487,1.63371,-0.35542,0.148165,0.108337,-0.916508
173.575,2.492,0.00950776,-0.149055,1.63391,-0.309749,0.174302,0.106993,-0.928562
173.583,2.5,0.00804106,-0.15396,1.63359,-0.335041,0.165611,0.113954,-0.920508
173.592,2.509,0.00679316,-0.159375,1.6348,-0.348488,0.152939,0.119645,-0.916979
173.6,2.517,0.00605629,-0.164046,1.63532,-0.298549,0.174219,0.119044,-0.930777
173.608,2.525,0.00501037,-0.169411,1.6357,-0.313066,0.169856,0.123279,-0.926251
173.617,2.534,0.00429914,-0.175021,1.63698,-0.30888,0.170873,0.123374,-0.927456
173.625,2.542,0.00359138,-0.180888,1.63832,-0.296134,0.167665,0.121951,-0.932374
173.633,2.55,0.00250175,-0.187363,1.63918,-0.339151,0.1442,0.12423,-0.921276
173.642,2.559,0.00150477,-0.19328,1.63823,-0.335506,0.143982,0.120504,-0.923138
173.65,2.567,0.000878115,-0.199679,1.64128,-0.293493,0.147237,0.111907,-0.937902
173.658,2.575,-0.000601723,-0.206043,1.64109,-0.359193,0.118748,0.11649,-0.918319
173.667,2.584,-0.000269235,-0.207725,1.64222,-0.298497,0.130671,0.125024,-0.93712
173.675,2.592,0.000909715,-0.210524,1.64121,-0.315309,0.139634,0.141593,-0.927919
173.683,2.6,0.00193281,-0.210525,1.6417,-0.243956,0.120313,0.128685,-0.953651
173.692,2.609,0.00139529,-0.209974,1.64137,-0.258156,0.122819,0.130263,-0.94937
173.7,2.617,0.0011478,-0.210013,1.64147,-0.255931,0.118727,0.130353,-0.950479
173.708,2.625,0.000960532,-0.210703,1.63992,-0.272948,0.124154,0.132209,-0.944778
173.717,2.634,0.000834722,-0.211136,1.63962,-0.260446,0.121756,0.131188,-0.948754
173.725,2.642,0.000725443,-0.211261,1.63965,-0.257575,0.122203,0.131139,-0.949486
173.733,2.65,0.000590837,-0.21142,1.64038,-0.2497,0.126335,0.130271,-0.951167
173.742,2.659,0.0005589,-0.211741,1.64045,-0.270358,0.118742,0.133275,-0.946068
173.75,2.667,0.000543466,-0.211775,1.64041,-0.270341,0.118398,0.133623,-0.946067
173.758,2.675,0.000516262,-0.211757,1.64048,-0.272097,0.118023,0.134199,-0.945529
173.767,2.684,0.000491227,-0.211719,1.64053,-0.274393,0.118026,0.134529,-0.944818
173.775,2.692,0.000491708,-0.211727,1.64054,-0.274976,0.118347,0.134617,-0.944595
173.783,2.7,0.000489554,-0.211741,1.64057,-0.274869,0.118302,0.134563,-0.94464
173.792,2.709,0.000502893,-0.211802,1.64056,-0.273537,0.118616,0.134401,-0.94501
173.8,2.717,0.00050984,-0.211817,1.64051,-0.273194,0.118594,0.134333,-0.945122
173.808,2.725,0.000532654,-0.211861,1.64047,-0.272021,0.118971,0.134017,-0.945458
173.817,2.734,0.000567993,-0.211858,1.6403,-0.272779,0.119113,0.134004,-0.945223
173.825,2.742,0.000560981,-0.211928,1.63995,-0.268555,0.121462,0.132742,-0.946311
173.833,2.75,0.000611893,-0.211935,1.63982,-0.268596,0.12184,0.132669,-0.946261
173.842,2.759,0.000647497,-0.21198,1.63978,-0.268167,0.121624,0.132771,-0.946396
173.85,2.767,0.000658897,-0.211958,1.63973,-0.269113,0.121735,0.132922,-0.946092
173.858,2.775,0.000659314,-0.21197,1.63971,-0.268682,0.121665,0.132962,-0.946218
173.867,2.784,0.00064523,-0.211942,1.63974,-0.269884,0.121412,0.133111,-0.945888
173.875,2.792,0.000637433,-0.211947,1.63977,-0.27014,0.121567,0.133154,-0.945788
173.883,2.8,0.000633507,-0.211936,1.63983,-0.271828,0.121439,0.133372,-0.94529
173.892,2.809,0.000621935,-0.211934,1.63984,-0.271382,0.121115,0.133359,-0.945462
173.9,2.817,0.000613744,-0.211912,1.63985,-0.272705,0.121509,0.133361,-0.945031
173.908,2.825,0.00061981,-0.211904,1.63986,-0.272347,0.120785,0.133414,-0.945219
173.917,2.834,0.000627433,-0.211889,1.63984,-0.27234,0.121162,0.133336,-0.945184
173.925,2.842,0.000700979,-0.211907,1.64018,-0.274182,0.119891,0.134109,-0.944704
173.933,2.85,0.000652177,-0.211921,1.63979,-0.271488,0.120984,0.133345,-0.94545
173.942,2.859,0.000664075,-0.211954,1.63973,-0.271059,0.121538,0.13331,-0.945507
173.95,2.867,0.000676998,-0.211975,1.63971,-0.270587,0.121532,0.133363,-0.945636
173.958,2.875,0.000677664,-0.211991,1.63971,-0.271516,0.120917,0.133705,-0.9454
173.967,2.884,0.000666255,-0.211995,1.63974,-0.270816,0.121125,0.133657,-0.945581
173.975,2.892,0.000662707,-0.21199,1.63973,-0.271067,0.121193,0.133715,-0.945492
173.983,2.9,0.000655173,-0.211982,1.63972,-0.270988,0.121295,0.133773,-0.945494
173.992,2.909,0.000638507,-0.211978,1.63977,-0.272064,0.121019,0.133938,-0.945196
174,2.917,0.00063676,-0.211975,1.63975,-0.272151,0.120693,0.133951,-0.945211
174.008,2.925,0.000634097,-0.211976,1.63975,-0.271905,0.121334,0.133851,-0.945214
174.017,2.934,0.000629027,-0.211986,1.63976,-0.27166,0.121387,0.133837,-0.94528
174.025,2.942,0.000635019,-0.211995,1.63972,-0.270888,0.121586,0.133672,-0.945499
174.033,2.95,0.000642769,-0.21201,1.63974,-0.27063,0.121152,0.13372,-0.945622
174.042,2.959,0.000646994,-0.212026,1.63972,-0.269777,0.121326,0.133548,-0.945868
174.05,2.967,0.000653538,-0.212034,1.63968,-0.269629,0.120956,0.133702,-0.945935
174.058,2.975,0.000663562,-0.212038,1.63967,-0.269641,0.121365,0.133689,-0.945882
174.067,2.984,0.000658542,-0.212044,1.63965,-0.268844,0.12117,0.133599,-0.946146
174.075,2.992,0.000650377,-0.212045,1.63966,-0.268357,0.120808,0.133616,-0.946328
174.083,3,0.000648309,-0.212041,1.63963,-0.268385,0.121356,0.133522,-0.946263
174.092,3.009,0.000638937,-0.212037,1.63966,-0.267838,0.121276,0.133429,-0.946442
174.1,3.017,0.000627263,-0.212039,1.63969,-0.267075,0.121341,0.133268,-0.946672
174.108,3.025,0.000632751,-0.21204,1.6397,-0.266705,0.121133,0.133171,-0.946816
174.117,3.034,0.000633754,-0.212021,1.63964,-0.266001,0.121657,0.132831,-0.946995
174.125,3.042,0.000642325,-0.212028,1.63963,-0.265706,0.122076,0.132627,-0.947052
174.133,3.05,0.000654967,-0.212031,1.63962,-0.264967,0.121798,0.132451,-0.94732
174.142,3.059,0.00067101,-0.212039,1.63955,-0.26345,0.121786,0.13215,-0.947786
174.15,3.067,0.000645656,-0.212167,1.63987,-0.252668,0.116202,0.130948,-0.951582
174.158,3.075,0.000669159,-0.212182,1.6398,-0.251975,0.116617,0.130794,-0.951736
174.167,3.084,0.000696279,-0.212182,1.63975,-0.251678,0.117024,0.130704,-0.951777
174.175,3.092,0.000736597,-0.212183,1.63973,-0.251589,0.116976,0.130685,-0.951809
174.183,3.1,0.000813554,-0.212141,1.63966,-0.252451,0.117207,0.131,-0.951509
174.192,3.109,0.000877671,-0.212097,1.6396,-0.252732,0.116958,0.131107,-0.951451
174.2,3.117,0.00100653,-0.211921,1.63917,-0.263594,0.1212,0.13229,-0.947802
174.208,3.125,0.00109035,-0.211742,1.63907,-0.266825,0.120367,0.132493,-0.946975
174.217,3.134,0.00126538,-0.211201,1.63848,-0.255733,0.121888,0.13146,-0.94998
174.225,3.142,0.00129008,-0.210558,1.63853,-0.274589,0.121768,0.133283,-0.944462
174.233,3.15,0.00136253,-0.209597,1.63932,-0.257818,0.112879,0.132144,-0.950435
174.242,3.159,0.0013335,-0.207981,1.63887,-0.282959,0.118657,0.132968,-0.94243
174.25,3.167,0.00132226,-0.206318,1.63982,-0.290287,0.117617,0.134261,-0.940146
174.258,3.175,0.00154951,-0.203794,1.63935,-0.293978,0.11472,0.133954,-0.9394
174.267,3.184,0.00222565,-0.201078,1.64043,-0.27368,0.0972162,0.134203,-0.947437
174.275,3.192,0.00324625,-0.197775,1.63883,-0.234525,0.0959246,0.12877,-0.958757
174.283,3.2,0.00417945,-0.195086,1.63886,-0.272351,0.101063,0.129541,-0.948067
174.292,3.209,0.00585491,-0.191509,1.63785,-0.22717,0.0931142,0.121768,-0.961715
174.3,3.217,0.00739612,-0.188195,1.63686,-0.249596,0.108369,0.118336,-0.954963
174.308,3.225,0.00926096,-0.184651,1.63598,-0.268405,0.102502,0.116726,-0.950698
174.317,3.234,0.0112331,-0.180953,1.63594,-0.291186,0.0964693,0.116891,-0.944585
174.325,3.242,0.0132697,-0.176763,1.6339,-0.290243,0.1212,0.107489,-0.943141
174.333,3.25,0.0152987,-0.172296,1.62975,-0.294589,0.141623,0.100117,-0.939753
174.342,3.259,0.0170752,-0.168341,1.62718,-0.34037,0.130736,0.100493,-0.92572
174.35,3.267,0.0191877,-0.163979,1.62663,-0.294419,0.15297,0.0904849,-0.939005
174.358,3.275,0.0209345,-0.159983,1.62467,-0.318631,0.15719,0.0879425,-0.930608
174.367,3.284,0.0227186,-0.156581,1.62617,-0.370248,0.1369,0.0911668,-0.914256
174.375,3.292,0.023571,-0.152349,1.62266,-0.35127,0.154659,0.0863973,-0.919362
174.383,3.3,0.0246053,-0.148739,1.62058,-0.326838,0.161798,0.0835328,-0.927373
174.392,3.309,0.0252387,-0.145742,1.61933,-0.328619,0.159994,0.0821271,-0.927182
174.4,3.317,0.0256947,-0.142962,1.61813,-0.328929,0.158242,0.0818861,-0.927394
174.408,3.325,0.0259361,-0.140754,1.61858,-0.348091,0.145915,0.0840503,-0.922213
174.417,3.334,0.0265906,-0.139118,1.62007,-0.373526,0.125552,0.0881051,-0.914851
174.425,3.342,0.0262878,-0.136474,1.61431,-0.333611,0.145122,0.083436,-0.927729
174.433,3.35,0.0265537,-0.135004,1.61533,-0.344473,0.142019,0.0853087,-0.924062
174.442,3.359,0.0263355,-0.133557,1.61213,-0.342768,0.136928,0.0876243,-0.925248
174.45,3.367,0.0270198,-0.133401,1.61608,-0.374082,0.12538,0.0898217,-0.914481
174.458,3.375,0.0267927,-0.132428,1.61389,-0.353922,0.142901,0.0876493,-0.920128
174.467,3.384,0.0267241,-0.132395,1.61339,-0.355324,0.14317,0.0884331,-0.919471
174.475,3.392,0.026634,-0.132606,1.61276,-0.354407,0.146151,0.0896802,-0.919235
174.483,3.4,0.0258252,-0.133375,1.60856,-0.368675,0.126151,0.0964233,-0.915897
174.492,3.409,0.0260356,-0.134045,1.60891,-0.341554,0.1502,0.0933013,-0.923079
174.5,3.417,0.0252761,-0.136091,1.60854,-0.367021,0.125369,0.10018,-0.916265
174.508,3.425,0.0254403,-0.137609,1.61035,-0.330435,0.153174,0.0962202,-0.926333
174.517,3.434,0.0252471,-0.139892,1.61182,-0.33949,0.154643,0.099892,-0.922418
174.525,3.442,0.0246289,-0.14266,1.61176,-0.336931,0.15419,0.102343,-0.923162
174.533,3.45,0.023346,-0.145712,1.60955,-0.338457,0.142652,0.108153,-0.923797
174.542,3.459,0.0228805,-0.149167,1.6116,-0.320036,0.15347,0.107924,-0.928642
174.55,3.467,0.0222978,-0.15264,1.61349,-0.306351,0.163859,0.11085,-0.931135
174.558,3.475,0.0207503,-0.157131,1.614,-0.351637,0.130364,0.122232,-0.918921
174.567,3.484,0.0196968,-0.160654,1.61376,-0.330688,0.14003,0.126133,-0.924731
174.575,3.492,0.0189837,-0.165258,1.6186,-0.336763,0.146456,0.127929,-0.92129
174.583,3.5,0.0176161,-0.169491,1.61838,-0.330081,0.130032,0.135545,-0.925076
174.592,3.509,0.0170425,-0.173526,1.62107,-0.307666,0.144839,0.137315,-0.930327
174.6,3.517,0.0163944,-0.179043,1.6265,-0.340544,0.114762,0.145749,-0.921746
174.608,3.525,0.0150608,-0.182772,1.62504,-0.296817,0.140006,0.140657,-0.934084
174.617,3.534,0.0140189,-0.18774,1.62721,-0.299498,0.130584,0.141191,-0.934513
174.625,3.542,0.0130946,-0.193044,1.62956,-0.321146,0.120022,0.140048,-0.928895
174.633,3.55,0.0120369,-0.198383,1.63275,-0.317916,0.10953,0.135383,-0.931989
174.642,3.559,0.0110451,-0.203928,1.63778,-0.294151,0.0852043,0.129019,-0.94317
174.65,3.567,0.00995761,-0.207575,1.6385,-0.359796,0.0970829,0.132112,-0.918514
174.658,3.575,0.00998108,-0.20754,1.63841,-0.311225,0.105639,0.135345,-0.934699
174.667,3.584,0.0111393,-0.209178,1.63858,-0.274917,0.119108,0.143344,-0.943232
174.675,3.592,0.0121841,-0.210187,1.63747,-0.25706,0.104111,0.136111,-0.951081
174.683,3.6,0.0122586,-0.210474,1.63641,-0.266041,0.112208,0.138662,-0.947314
174.692,3.609,0.0119089,-0.210462,1.63621,-0.269829,0.107242,0.138778,-0.946801
174.7,3.617,0.0116182,-0.210753,1.63598,-0.267181,0.101365,0.140139,-0.947998
174.708,3.625,0.0113291,-0.211453,1.63648,-0.270609,0.0949692,0.14154,-0.94748
174.717,3.634,0.0112036,-0.211715,1.63619,-0.263779,0.0932473,0.141676,-0.949554
174.725,3.642,0.0111065,-0.211822,1.63636,-0.262162,0.0910678,0.14224,-0.950129
174.733,3.65,0.0110623,-0.211873,1.63633,-0.26232,0.0906319,0.142683,-0.950061
174.742,3.659,0.0110542,-0.211956,1.63629,-0.261271,0.0896003,0.143167,-0.950375
174.75,3.667,0.0110274,-0.212008,1.6363,-0.25888,0.0884183,0.143312,-0.951118
174.758,3.675,0.0110002,-0.212026,1.63637,-0.260122,0.0877443,0.143916,-0.95075
174.767,3.684,0.0109692,-0.212032,1.63645,-0.261273,0.0876036,0.144191,-0.950406
174.775,3.692,0.0109745,-0.212049,1.63642,-0.261058,0.0877355,0.144147,-0.950459
174.783,3.7,0.0109892,-0.212079,1.63638,-0.260422,0.088152,0.14403,-0.950613
174.792,3.709,0.0109971,-0.212108,1.63635,-0.260755,0.0888608,0.143972,-0.950464
174.8,3.717,0.0110037,-0.212152,1.6363,-0.259487,0.0889518,0.143653,-0.950851
174.808,3.725,0.0109978,-0.21229,1.63638,-0.24931,0.0871667,0.141781,-0.954015
174.817,3.734,0.0110275,-0.212334,1.63625,-0.249725,0.0879386,0.141832,-0.953828
174.825,3.742,0.0110498,-0.212369,1.63611,-0.248582,0.0883586,0.141593,-0.954123
174.833,3.75,0.0110765,-0.212407,1.63607,-0.248539,0.088175,0.141738,-0.95413
174.842,3.759,0.0110961,-0.212417,1.636,-0.248528,0.0885569,0.141933,-0.954068
174.85,3.767,0.0111032,-0.21242,1.63597,-0.248506,0.0882016,0.14199,-0.954098
174.858,3.775,0.0111069,-0.212408,1.63594,-0.249692,0.0885045,0.142125,-0.953741
174.867,3.784,0.0111136,-0.212401,1.63602,-0.250663,0.0883437,0.142282,-0.953478
174.875,3.792,0.0111063,-0.212372,1.63603,-0.251312,0.0886582,0.142194,-0.953291
174.883,3.8,0.011102,-0.212354,1.63607,-0.252061,0.0884049,0.142263,-0.953106
174.892,3.809,0.0110959,-0.212318,1.63613,-0.253072,0.0881669,0.14226,-0.952861
174.9,3.817,0.0110981,-0.212297,1.63612,-0.253818,0.0886054,0.142216,-0.952628
174.908,3.825,0.0111017,-0.212285,1.63615,-0.252986,0.0889202,0.141846,-0.952875
174.917,3.834,0.0111111,-0.212271,1.63612,-0.253693,0.0892329,0.141876,-0.952653
174.925,3.842,0.011119,-0.212278,1.63613,-0.25348,0.0896284,0.141719,-0.952697
174.933,3.85,0.0111275,-0.212308,1.63608,-0.253697,0.0895524,0.141703,-0.952648
174.942,3.859,0.0111286,-0.212329,1.63606,-0.253588,0.0894683,0.141842,-0.952664
174.95,3.867,0.0111358,-0.212354,1.63598,-0.253318,0.0897467,0.141847,-0.952709
174.958,3.875,0.0111301,-0.212368,1.63595,-0.253335,0.0895539,0.142001,-0.9527
174.967,3.884,0.0111262,-0.212373,1.63597,-0.253868,0.0890946,0.14225,-0.952564
174.975,3.892,0.0111111,-0.212368,1.636,-0.253985,0.0888347,0.142245,-0.952558
174.983,3.9,0.0110955,-0.212363,1.63601,-0.254305,0.0887805,0.142294,-0.95247
174.992,3.909,0.0110881,-0.212349,1.63604,-0.254407,0.0883711,0.142407,-0.952464
175,3.917,0.0110865,-0.212346,1.63608,-0.255168,0.0885857,0.142528,-0.952223
175.008,3.925,0.0110839,-0.212355,1.63612,-0.254712,0.0885461,0.142321,-0.952379
175.017,3.934,0.0110876,-0.212365,1.63604,-0.254171,0.0890036,0.14208,-0.952517
175.025,3.942,0.0111065,-0.212387,1.63601,-0.253559,0.0889601,0.141905,-0.95271
175.033,3.95,0.0111164,-0.212407,1.63596,-0.253521,0.089457,0.14186,-0.952681
175.042,3.959,0.0111333,-0.212434,1.63595,-0.252428,0.0897695,0.141531,-0.95299
175.05,3.967,0.0111416,-0.212455,1.6359,-0.252309,0.0902263,0.141513,-0.952981
175.058,3.975,0.0111406,-0.212469,1.63591,-0.251505,0.089914,0.141392,-0.953242
175.067,3.984,0.0111484,-0.212476,1.63586,-0.251186,0.0905207,0.141314,-0.95328
175.075,3.992,0.0111386,-0.212493,1.63586,-0.251197,0.0899451,0.141295,-0.953334
175.083,4,0.011142,-0.212504,1.63586,-0.250374,0.090456,0.14101,-0.953544
175.092,4.009,0.0111379,-0.212518,1.63586,-0.249459,0.090629,0.140803,-0.953798
175.1,4.017,0.0111101,-0.212621,1.63576,-0.259973,0.0922317,0.141444,-0.950737
175.108,4.025,0.0111201,-0.212627,1.63577,-0.260661,0.0923329,0.141482,-0.950533
175.117,4.034,0.0111701,-0.212543,1.63578,-0.247083,0.0921845,0.13981,-0.954414
175.125,4.042,0.0111507,-0.212638,1.63568,-0.258962,0.0929223,0.140746,-0.951049
175.133,4.05,0.0111792,-0.212646,1.63567,-0.257866,0.0937156,0.140348,-0.951328
175.142,4.059,0.0112069,-0.212663,1.63559,-0.258267,0.0946196,0.140116,-0.951164
175.15,4.067,0.0112302,-0.212665,1.63554,-0.257447,0.0949644,0.139711,-0.951411
175.158,4.075,0.0112573,-0.212673,1.63551,-0.257647,0.0951057,0.139485,-0.951376
175.167,4.084,0.0112861,-0.212649,1.63545,-0.257335,0.095635,0.139052,-0.951471
175.175,4.092,0.011306,-0.212619,1.63549,-0.257504,0.0962139,0.138584,-0.951435
175.183,4.1,0.0113291,-0.212613,1.63549,-0.256794,0.0963597,0.138027,-0.951693
175.192,4.109,0.0113298,-0.212566,1.63549,-0.256576,0.0961185,0.137472,-0.951857
175.2,4.117,0.0113148,-0.212325,1.63545,-0.247072,0.0944831,0.135773,-0.954774
175.208,4.125,0.0111749,-0.211988,1.63558,-0.251676,0.0905623,0.134675,-0.954107
175.217,4.134,0.0109478,-0.211256,1.63567,-0.270612,0.0888145,0.13443,-0.94911
175.225,4.142,0.0105997,-0.210118,1.63556,-0.274953,0.103167,0.127511,-0.947364
175.233,4.15,0.00972985,-0.209113,1.6356,-0.331483,0.0934142,0.128761,-0.929954
175.242,4.159,0.0092312,-0.207024,1.63679,-0.283273,0.0817344,0.12033,-0.947943
175.25,4.167,0.00861655,-0.205177,1.63777,-0.287364,0.0727582,0.115105,-0.948092
175.258,4.175,0.00805113,-0.203022,1.63634,-0.279719,0.0770873,0.105933,-0.951101
175.267,4.184,0.00817291,-0.200572,1.63593,-0.235776,0.0735686,0.0942802,-0.964421
175.275,4.192,0.00848702,-0.197224,1.63506,-0.241877,0.0760508,0.0926125,-0.962878
175.283,4.2,0.00888318,-0.19299,1.6353,-0.234948,0.0704595,0.091049,-0.965166
175.292,4.209,0.00932595,-0.188454,1.63318,-0.252139,0.0784509,0.0897076,-0.960325
175.3,4.217,0.010174,-0.18412,1.63403,-0.247331,0.0726913,0.0867601,-0.962297
175.308,4.225,0.0111079,-0.179513,1.63125,-0.268968,0.0915123,0.0827325,-0.955216
175.317,4.234,0.0121049,-0.174797,1.63076,-0.268802,0.0900118,0.0796169,-0.95567
175.325,4.242,0.0128123,-0.169893,1.6279,-0.299109,0.105614,0.0771961,-0.945209
175.333,4.25,0.0138745,-0.164735,1.62613,-0.298945,0.11895,0.0727585,-0.944028
175.342,4.259,0.0148187,-0.160058,1.62644,-0.302357,0.116766,0.0712589,-0.943328
175.35,4.267,0.0154814,-0.155283,1.62328,-0.316694,0.123947,0.0678941,-0.937941
175.358,4.275,0.0161918,-0.15072,1.62275,-0.31824,0.120417,0.067048,-0.937938
175.367,4.284,0.0170993,-0.14605,1.62228,-0.318514,0.130496,0.065614,-0.936597
175.375,4.292,0.0172827,-0.142112,1.61967,-0.330382,0.126577,0.0642178,-0.933114
175.383,4.3,0.0176703,-0.13812,1.61677,-0.332595,0.131396,0.0621206,-0.931803
175.392,4.309,0.0185188,-0.134932,1.61887,-0.366422,0.119487,0.0652379,-0.920436
175.4,4.317,0.0184864,-0.131362,1.61662,-0.328671,0.132394,0.061276,-0.933109
175.408,4.325,0.0186039,-0.128544,1.61538,-0.330595,0.132669,0.0612737,-0.93239
175.417,4.334,0.0189324,-0.126421,1.61495,-0.366991,0.122744,0.0640639,-0.919863
175.425,4.342,0.0184953,-0.124022,1.61031,-0.33695,0.135048,0.0611051,-0.929781
175.433,4.35,0.0185127,-0.122538,1.61065,-0.335055,0.13006,0.0632156,-0.931035
175.442,4.359,0.0185245,-0.121228,1.60777,-0.332747,0.139171,0.062295,-0.930607
175.45,4.367,0.0180514,-0.120691,1.6059,-0.355192,0.122911,0.069215,-0.924089
175.458,4.375,0.0179586,-0.120688,1.60479,-0.365558,0.121867,0.0705387,-0.920076
175.467,4.384,0.0177173,-0.120935,1.60388,-0.363939,0.120085,0.0739162,-0.920687
175.475,4.392,0.017777,-0.121483,1.60291,-0.341266,0.144821,0.0690309,-0.926175
175.483,4.4,0.0174099,-0.122955,1.60422,-0.345735,0.132897,0.0749528,-0.925844
175.492,4.409,0.0171384,-0.124426,1.60147,-0.339365,0.147129,0.0745172,-0.926084
175.5,4.417,0.0163921,-0.126716,1.6004,-0.357691,0.130585,0.0826074,-0.920967
175.508,4.425,0.0159983,-0.129487,1.60004,-0.36577,0.12604,0.0864882,-0.918066
175.517,4.434,0.0155763,-0.132436,1.60029,-0.350792,0.128625,0.0892577,-0.923273
175.525,4.442,0.0155024,-0.135736,1.60112,-0.330727,0.142635,0.088746,-0.928654
175.533,4.45,0.0150034,-0.139727,1.60205,-0.350233,0.142127,0.0919063,-0.921244
175.542,4.459,0.0141699,-0.143891,1.59952,-0.359305,0.127983,0.0986601,-0.919123
175.55,4.467,0.0141083,-0.148226,1.60256,-0.344964,0.144222,0.0980124,-0.922276
175.558,4.475,0.0134288,-0.152622,1.60092,-0.334266,0.141549,0.102731,-0.926108
175.567,4.484,0.0134252,-0.158106,1.60565,-0.359982,0.130072,0.108429,-0.917463
175.575,4.492,0.0127855,-0.162217,1.60395,-0.306453,0.154657,0.107209,-0.933099
175.583,4.5,0.0120818,-0.167291,1.6045,-0.31785,0.144666,0.113962,-0.930084
175.592,4.509,0.0114819,-0.17263,1.60581,-0.327509,0.138005,0.118452,-0.927179
175.6,4.517,0.0112434,-0.177998,1.60856,-0.325696,0.135616,0.121337,-0.927797
175.608,4.525,0.0108549,-0.182959,1.6086,-0.326427,0.149237,0.120975,-0.925494
175.617,4.534,0.010461,-0.188194,1.60958,-0.295958,0.150949,0.119068,-0.935653
175.625,4.542,0.00988495,-0.194033,1.6123,-0.323167,0.143338,0.119215,-0.927796
175.633,4.55,0.00920383,-0.199819,1.61453,-0.298351,0.130999,0.115102,-0.938391
175.642,4.559,0.00823071,-0.205784,1.61661,-0.314382,0.111909,0.113347,-0.935838
175.65,4.567,0.0076399,-0.210124,1.61746,-0.380697,0.132431,0.114572,-0.907968
175.658,4.575,0.00799199,-0.210975,1.61802,-0.292457,0.148338,0.119642,-0.937097
175.667,4.584,0.00907603,-0.213525,1.61695,-0.295803,0.135284,0.135851,-0.935812
175.675,4.592,0.010304,-0.214519,1.61638,-0.231651,0.125072,0.124662,-0.956637
175.683,4.6,0.010531,-0.214496,1.61629,-0.232854,0.126636,0.125635,-0.956011
175.692,4.609,0.010101,-0.214513,1.61635,-0.2477,0.12028,0.12718,-0.952892
175.7,4.617,0.00974747,-0.214781,1.61625,-0.246557,0.116794,0.12805,-0.953505
175.708,4.625,0.00953143,-0.215123,1.61603,-0.240211,0.115684,0.127854,-0.955285
175.717,4.634,0.00930834,-0.215358,1.61616,-0.25313,0.112511,0.129811,-0.952059
175.725,4.642,0.00917899,-0.215388,1.61626,-0.256056,0.109983,0.130903,-0.951422
175.733,4.65,0.00916803,-0.215528,1.61622,-0.253428,0.1083,0.130925,-0.952315
175.742,4.659,0.00912331,-0.215618,1.61625,-0.253377,0.107261,0.131336,-0.95239
175.75,4.667,0.00898142,-0.215634,1.61634,-0.252629,0.105308,0.131435,-0.952793
175.758,4.675,0.00892498,-0.215606,1.61637,-0.25523,0.104527,0.132026,-0.952103
175.767,4.684,0.00892363,-0.215624,1.61642,-0.254975,0.105371,0.131824,-0.952107
175.775,4.692,0.00893725,-0.215664,1.61649,-0.254766,0.105333,0.131755,-0.952177
175.783,4.7,0.00893835,-0.215706,1.61641,-0.253811,0.107005,0.131202,-0.952322
175.792,4.709,0.00894359,-0.215728,1.61546,-0.260613,0.115856,0.1299,-0.949623
175.8,4.717,0.00894521,-0.215786,1.61545,-0.258319,0.116004,0.129313,-0.950312
175.808,4.725,0.00895461,-0.215818,1.61536,-0.255991,0.116721,0.128761,-0.950929
175.817,4.734,0.00898159,-0.215866,1.61531,-0.255164,0.116653,0.128698,-0.951168
175.825,4.742,0.009007,-0.215903,1.61527,-0.253589,0.116881,0.128294,-0.951615
175.833,4.75,0.00903414,-0.215934,1.6152,-0.253735,0.117213,0.128233,-0.951544
175.842,4.759,0.00903616,-0.215929,1.61522,-0.253926,0.116763,0.128217,-0.951551
175.85,4.767,0.00904525,-0.215914,1.61522,-0.254904,0.117279,0.128091,-0.951243
175.858,4.775,0.00904227,-0.215884,1.61524,-0.256448,0.117017,0.12817,-0.950849
175.867,4.784,0.00903791,-0.215852,1.61524,-0.2576,0.11691,0.128187,-0.950548
175.875,4.792,0.00902676,-0.215824,1.61532,-0.258957,0.116905,0.12833,-0.950161
175.883,4.8,0.00901341,-0.215806,1.61535,-0.260577,0.11677,0.12838,-0.949728
175.892,4.809,0.00900415,-0.215777,1.61534,-0.261191,0.11644,0.128461,-0.949589
175.9,4.817,0.0089994,-0.215768,1.61534,-0.262023,0.116711,0.128498,-0.949321
175.908,4.825,0.00900283,-0.215752,1.61533,-0.26315,0.116651,0.128601,-0.949003
175.917,4.834,0.00900132,-0.215748,1.61535,-0.262796,0.116395,0.12845,-0.949153
175.925,4.842,0.00900537,-0.215764,1.61533,-0.262971,0.116054,0.12855,-0.949133
175.933,4.85,0.00901507,-0.215771,1.61532,-0.26281,0.116753,0.128464,-0.949103
175.942,4.859,0.00902037,-0.215781,1.61533,-0.262901,0.116429,0.128425,-0.949123
175.95,4.867,0.00905302,-0.215781,1.61533,-0.262434,0.116497,0.128293,-0.949262
175.958,4.875,0.00905092,-0.215771,1.61529,-0.263577,0.116842,0.12838,-0.948891
175.967,4.884,0.00903719,-0.215787,1.61531,-0.262587,0.116813,0.128126,-0.949203
175.975,4.892,0.00902531,-0.215786,1.61532,-0.264084,0.116231,0.128441,-0.948817
175.983,4.9,0.00901096,-0.215781,1.61535,-0.263892,0.116489,0.128403,-0.948844
175.992,4.909,0.00900572,-0.215788,1.61534,-0.265324,0.11607,0.128749,-0.948448
176,4.917,0.00899941,-0.215796,1.61539,-0.264512,0.115944,0.128628,-0.948707
176.008,4.925,0.00899815,-0.215809,1.61536,-0.264667,0.115667,0.128692,-0.948689
176.017,4.934,0.00900374,-0.215832,1.61535,-0.263253,0.116157,0.128371,-0.949066
176.025,4.942,0.00901512,-0.215855,1.61532,-0.262717,0.116911,0.128072,-0.949162
176.033,4.95,0.00902713,-0.215874,1.61526,-0.262156,0.116012,0.128156,-0.949416
176.042,4.959,0.00905212,-0.215905,1.61526,-0.26094,0.116751,0.127894,-0.949696
176.05,4.967,0.00905458,-0.215923,1.61523,-0.260386,0.116973,0.127743,-0.949841
176.058,4.975,0.0090622,-0.215932,1.61523,-0.259807,0.116246,0.127767,-0.950086
176.067,4.984,0.00905884,-0.215933,1.61522,-0.259843,0.116861,0.127731,-0.950005
176.075,4.992,0.00905871,-0.215935,1.6152,-0.258521,0.116806,0.127517,-0.950401
176.083,5,0.00905327,-0.215951,1.61525,-0.259286,0.116466,0.127619,-0.950221
176.092,5.009,0.00905945,-0.215954,1.61521,-0.258238,0.117264,0.127323,-0.950448
176.1,5.017,0.00906259,-0.215961,1.61517,-0.257733,0.117326,0.127136,-0.950603
176.108,5.025,0.00907383,-0.215974,1.61518,-0.256026,0.118038,0.126688,-0.951035
176.117,5.034,0.00908622,-0.215985,1.61512,-0.25612,0.118559,0.126365,-0.950988
176.125,5.042,0.00911049,-0.215995,1.61512,-0.2542,0.119337,0.125755,-0.951486
176.133,5.05,0.00913756,-0.216007,1.61506,-0.253073,0.119301,0.125366,-0.951843
176.142,5.059,0.00917534,-0.216003,1.61505,-0.25196,0.119821,0.124859,-0.952139
176.15,5.067,0.00916839,-0.216014,1.61486,-0.249279,0.122323,0.123679,-0.952681
176.158,5.075,0.00918763,-0.215996,1.61484,-0.249277,0.122768,0.123172,-0.95269
176.167,5.084,0.00916832,-0.215945,1.6149,-0.249756,0.122938,0.122695,-0.952604
176.175,5.092,0.00911509,-0.215798,1.61525,-0.255611,0.120326,0.122942,-0.951352
176.183,5.1,0.00899353,-0.215485,1.61464,-0.267601,0.1256,0.12149,-0.947552
176.192,5.109,0.00874063,-0.215002,1.61586,-0.269568,0.112694,0.121078,-0.948669
176.2,5.117,0.00847255,-0.214304,1.61677,-0.279727,0.10752,0.119855,-0.946481
176.208,5.125,0.00809321,-0.213462,1.6172,-0.300954,0.113242,0.115189,-0.939859
176.217,5.134,0.00780491,-0.212233,1.61697,-0.320505,0.134492,0.107671,-0.931448
176.225,5.142,0.00705002,-0.210978,1.61691,-0.338112,0.126734,0.101487,-0.926995
176.233,5.15,0.00645694,-0.20962,1.6183,-0.325089,0.125776,0.0907088,-0.932882
176.242,5.159,0.00562799,-0.207809,1.61677,-0.319812,0.124498,0.0801612,-0.935839
176.25,5.167,0.00472297,-0.205832,1.61713,-0.270423,0.0735159,0.0713351,-0.957276
176.258,5.175,0.00353557,-0.20348,1.61629,-0.256132,0.0640692,0.0597768,-0.962662
176.267,5.184,0.00254412,-0.200689,1.61496,-0.25071,0.0583519,0.0492751,-0.965045
176.275,5.192,0.00172256,-0.197957,1.61498,-0.257381,0.0528469,0.0405278,-0.964012
176.283,5.2,0.00121673,-0.194633,1.61447,-0.25966,0.0496709,0.0342819,-0.963813
176.292,5.209,0.00104833,-0.189959,1.61305,-0.232708,0.0372626,0.030235,-0.971362
176.3,5.217,0.000909409,-0.185387,1.61144,-0.239226,0.0348103,0.0279967,-0.969936
176.308,5.225,0.00125099,-0.180819,1.61052,-0.239751,0.0270979,0.0248019,-0.970139
176.317,5.234,0.00178567,-0.176572,1.60982,-0.258208,0.0288649,0.0214831,-0.965419
176.325,5.242,0.00270903,-0.171546,1.6082,-0.243291,0.0269851,0.0161774,-0.969443
176.333,5.25,0.00348862,-0.166698,1.60642,-0.260191,0.0286126,0.0160549,-0.965
176.342,5.259,0.00462332,-0.161617,1.60474,-0.253931,0.0261587,0.0140283,-0.966767
176.35,5.267,0.00580727,-0.156855,1.60361,-0.259046,0.0278735,0.0132276,-0.965372
176.358,5.275,0.00690551,-0.15243,1.60196,-0.271243,0.0350799,0.0117877,-0.961799
176.367,5.284,0.00827477,-0.14794,1.60091,-0.277948,0.035296,0.0128105,-0.959862
176.375,5.292,0.00942762,-0.143829,1.59909,-0.285809,0.044797,0.0116519,-0.957168
176.383,5.3,0.0109446,-0.139775,1.59836,-0.28579,0.0459388,0.0129794,-0.957103
176.392,5.309,0.0120646,-0.136391,1.59713,-0.307203,0.0566696,0.0141003,-0.949851
176.4,5.317,0.0133215,-0.133097,1.59529,-0.298952,0.0633429,0.0135688,-0.952067
176.408,5.325,0.0145237,-0.130327,1.59423,-0.306369,0.0712369,0.0149141,-0.949126
176.417,5.334,0.0156553,-0.127944,1.59329,-0.30871,0.0781799,0.0166931,-0.947791
176.425,5.342,0.0167434,-0.126166,1.59324,-0.319321,0.0841792,0.0196841,-0.943695
176.433,5.35,0.0175546,-0.124915,1.59072,-0.329916,0.0967248,0.0201561,-0.938826
176.442,5.359,0.0186908,-0.124208,1.59222,-0.319,0.100538,0.022191,-0.942146
176.45,5.367,0.0192726,-0.124047,1.59141,-0.327469,0.102888,0.0264962,-0.93887
176.458,5.375,0.0196631,-0.124633,1.58935,-0.329209,0.110053,0.0273837,-0.937422
176.467,5.384,0.0200187,-0.125637,1.58855,-0.336935,0.114184,0.0311261,-0.93406
176.475,5.392,0.020391,-0.12726,1.59,-0.332458,0.115639,0.0357674,-0.935318
176.483,5.4,0.0203389,-0.129571,1.58921,-0.342311,0.116516,0.0399998,-0.931476
176.492,5.409,0.0202849,-0.131936,1.58785,-0.340461,0.128383,0.0436898,-0.930428
176.5,5.417,0.020094,-0.134987,1.58805,-0.338887,0.136792,0.0483603,-0.929573
176.508,5.425,0.0196082,-0.138748,1.58939,-0.356715,0.132947,0.0559537,-0.923011
176.517,5.434,0.0191856,-0.142792,1.5915,-0.343066,0.136282,0.0619297,-0.927307
176.525,5.442,0.0183337,-0.146993,1.58959,-0.339571,0.147433,0.066305,-0.926584
176.533,5.45,0.0176785,-0.152321,1.59332,-0.37887,0.132854,0.0768826,-0.912632
176.542,5.459,0.0161297,-0.156906,1.59183,-0.353352,0.148624,0.0807856,-0.920069
176.55,5.467,0.0149382,-0.162085,1.592,-0.331692,0.160099,0.0847239,-0.925835
176.558,5.475,0.0132711,-0.167574,1.59116,-0.335748,0.157611,0.0919075,-0.924113
176.567,5.484,0.0116597,-0.173472,1.59367,-0.333499,0.15985,0.0967109,-0.924053
176.575,5.492,0.00967937,-0.179285,1.59369,-0.328374,0.159268,0.102065,-0.925412
176.583,5.5,0.00791219,-0.185319,1.5977,-0.30447,0.166354,0.105021,-0.931984
176.592,5.509,0.00530733,-0.191213,1.59774,-0.321869,0.159811,0.110543,-0.926629
176.6,5.517,0.00260236,-0.197005,1.59902,-0.325047,0.155362,0.11467,-0.925774
176.608,5.525,-0.000440121,-0.203067,1.60141,-0.346181,0.140428,0.119049,-0.919927
176.617,5.534,-0.00359749,-0.208789,1.60359,-0.335541,0.129654,0.120145,-0.925293
176.625,5.542,-0.00359749,-0.208789,1.60359,-0.335541,0.129654,0.120145,-0.925293
176.633,5.55,-0.00597992,-0.213803,1.60769,-0.357243,0.136806,0.138225,-0.91354
176.642,5.559,-0.00501966,-0.21521,1.60595,-0.296511,0.149047,0.135891,-0.933488
176.65,5.567,-0.00409373,-0.215404,1.6043,-0.276382,0.12453,0.130876,-0.943916
176.658,5.575,-0.00419188,-0.215877,1.60432,-0.263043,0.120362,0.132463,-0.948037
176.667,5.584,-0.00469755,-0.216398,1.60418,-0.270301,0.113951,0.131722,-0.946891
176.675,5.592,-0.00499752,-0.217107,1.60374,-0.251915,0.109928,0.130528,-0.952584
176.683,5.6,-0.00511288,-0.217783,1.60334,-0.267444,0.110866,0.131799,-0.948057
176.692,5.609,-0.00521759,-0.218101,1.60331,-0.252283,0.107835,0.130374,-0.952747
176.7,5.617,-0.00524617,-0.218285,1.6033,-0.248163,0.108058,0.130515,-0.953784
176.708,5.625,-0.00524987,-0.218354,1.6032,-0.246393,0.108067,0.13059,-0.954232
176.717,5.634,-0.0052842,-0.21842,1.60333,-0.245921,0.106271,0.131217,-0.954469
176.725,5.642,-0.00532748,-0.218353,1.60343,-0.248851,0.105326,0.131996,-0.953707
176.733,5.65,-0.00535172,-0.218351,1.60356,-0.248561,0.104529,0.13217,-0.953846
176.742,5.659,-0.00536413,-0.218303,1.60363,-0.250132,0.10504,0.132261,-0.953367
176.75,5.667,-0.0053545,-0.218353,1.60364,-0.249781,0.105325,0.132248,-0.953429
176.758,5.675,-0.00534212,-0.218366,1.60357,-0.24893,0.105961,0.131843,-0.953637
176.767,5.684,-0.00531976,-0.218441,1.60346,-0.247707,0.106462,0.131639,-0.953928
176.775,5.692,-0.00530426,-0.218472,1.60333,-0.246374,0.106723,0.131356,-0.954283
176.783,5.7,-0.0052847,-0.218527,1.60319,-0.245108,0.10687,0.131077,-0.954631
176.792,5.709,-0.00525275,-0.218547,1.60312,-0.244506,0.107902,0.13087,-0.954697
176.8,5.717,-0.00523543,-0.218583,1.60297,-0.243326,0.107901,0.130863,-0.955
176.808,5.725,-0.00523842,-0.21858,1.60303,-0.24414,0.107167,0.131193,-0.954829
176.817,5.734,-0.00523871,-0.218582,1.60299,-0.243927,0.107091,0.131264,-0.954883
176.825,5.742,-0.00525572,-0.218557,1.60305,-0.24444,0.106847,0.13119,-0.954789
176.833,5.75,-0.00526538,-0.218548,1.60308,-0.244646,0.106335,0.131274,-0.954782
176.842,5.759,-0.00526511,-0.218544,1.60312,-0.246034,0.10637,0.131445,-0.954398
176.85,5.767,-0.00527192,-0.218543,1.60309,-0.245816,0.107072,0.131068,-0.954427
176.858,5.775,-0.00525873,-0.218537,1.60311,-0.246024,0.107178,0.130979,-0.954374
176.867,5.784,-0.00525605,-0.218528,1.6031,-0.245896,0.107979,0.130713,-0.954353
176.875,5.792,-0.00525327,-0.218521,1.60306,-0.245795,0.108101,0.130556,-0.954387
176.883,5.8,-0.00524889,-0.218513,1.60306,-0.245464,0.108651,0.130332,-0.95444
176.892,5.809,-0.00525068,-0.218524,1.60304,-0.2461,0.107879,0.130535,-0.954336
176.9,5.817,-0.00525305,-0.218532,1.60303,-0.245884,0.107901,0.130453,-0.954401
176.908,5.825,-0.00525063,-0.218549,1.60302,-0.245998,0.107631,0.130541,-0.95439
176.917,5.834,-0.00525476,-0.218569,1.60305,-0.246022,0.10731,0.130569,-0.954416
176.925,5.842,-0.00526157,-0.218565,1.60302,-0.245957,0.10772,0.130424,-0.954406
176.933,5.85,-0.00526718,-0.218558,1.60303,-0.24645,0.107814,0.130448,-0.954265
176.942,5.859,-0.0052722,-0.21855,1.60308,-0.246869,0.107535,0.130501,-0.954181
176.95,5.867,-0.00528116,-0.218538,1.60306,-0.247187,0.107736,0.130432,-0.954085
176.958,5.875,-0.00527747,-0.218531,1.60309,-0.247647,0.107349,0.130539,-0.953995
176.967,5.884,-0.00528072,-0.218528,1.60307,-0.247105,0.10844,0.130221,-0.954056
176.975,5.892,-0.0052769,-0.218535,1.60303,-0.247978,0.10777,0.130452,-0.953874
176.983,5.9,-0.0052772,-0.218541,1.60306,-0.247325,0.10809,0.13026,-0.954033
176.992,5.909,-0.0052718,-0.218559,1.60298,-0.246761,0.108474,0.130097,-0.954158
177,5.917,-0.00526168,-0.218574,1.60298,-0.246541,0.108809,0.129956,-0.954196
177.008,5.925,-0.00524776,-0.218583,1.60292,-0.246388,0.109071,0.129825,-0.954223
177.017,5.934,-0.00524356,-0.218599,1.60292,-0.246185,0.108897,0.129744,-0.954307
177.025,5.942,-0.00523279,-0.218585,1.60288,-0.246271,0.109335,0.129629,-0.95425
177.033,5.95,-0.0052195,-0.21858,1.60287,-0.24625,0.109548,0.129489,-0.95425
177.042,5.959,-0.00522106,-0.218577,1.60288,-0.245955,0.109901,0.12928,-0.954314
177.05,5.967,-0.00521346,-0.218567,1.60285,-0.246053,0.110536,0.129126,-0.954236
177.058,5.975,-0.0052064,-0.218562,1.60285,-0.24611,0.110443,0.129035,-0.954244
177.067,5.984,-0.00520435,-0.218553,1.60282,-0.2453,0.11089,0.128664,-0.954451
177.075,5.992,-0.00518989,-0.218546,1.60281,-0.245552,0.111464,0.128438,-0.95435
177.083,6,-0.00517909,-0.218534,1.6028,-0.245019,0.111604,0.12815,-0.954509
177.092,6.009,-0.00517424,-0.218523,1.60282,-0.244994,0.112788,0.127606,-0.954449
177.1,6.017,-0.00516461,-0.218503,1.60282,-0.245094,0.113411,0.12711,-0.954416
177.108,6.025,-0.00516018,-0.218489,1.6028,-0.243912,0.114607,0.126312,-0.954682
177.117,6.034,-0.00515727,-0.218453,1.60291,-0.243554,0.114676,0.12535,-0.954892
177.125,6.042,-0.0051798,-0.218394,1.60293,-0.245917,0.11456,0.125044,-0.95434
177.133,6.05,-0.00521742,-0.218317,1.60306,-0.247025,0.113899,0.124335,-0.954226
177.142,6.059,-0.00525996,-0.218218,1.60319,-0.249501,0.112762,0.123883,-0.953775
177.15,6.067,-0.00534382,-0.218036,1.60333,-0.252027,0.110254,0.12311,-0.953504
177.158,6.075,-0.00547135,-0.217731,1.60353,-0.258472,0.107776,0.122082,-0.952194
177.167,6.084,-0.00549751,-0.216711,1.60218,-0.27153,0.125767,0.117244,-0.946947
177.175,6.092,-0.00592996,-0.215856,1.60374,-0.278735,0.114554,0.114012,-0.946671
177.183,6.1,-0.00627733,-0.214463,1.60422,-0.290374,0.11336,0.108448,-0.943966
177.192,6.109,-0.00677119,-0.212872,1.60507,-0.301672,0.124599,0.0998739,-0.939944
177.2,6.117,-0.00720785,-0.211175,1.60617,-0.297957,0.113367,0.0911689,-0.943429
177.208,6.125,-0.00781918,-0.209153,1.60477,-0.286659,0.116032,0.0776604,-0.947804
177.217,6.134,-0.00784169,-0.206952,1.60551,-0.267757,0.101427,0.066618,-0.955814
177.225,6.142,-0.00768525,-0.204327,1.60558,-0.235531,0.0871427,0.0530761,-0.966496
177.233,6.15,-0.00743404,-0.201358,1.60602,-0.253612,0.0917737,0.0440358,-0.961935
177.242,6.159,-0.00682656,-0.197362,1.60607,-0.264671,0.0981709,0.0386626,-0.958549
177.25,6.167,-0.0061802,-0.192655,1.60617,-0.253079,0.0874659,0.035334,-0.962835
177.258,6.175,-0.00536961,-0.187795,1.60551,-0.259358,0.0947017,0.0299489,-0.96066
177.267,6.184,-0.00412691,-0.18303,1.60597,-0.262796,0.0981404,0.0244537,-0.959536
177.275,6.192,-0.00271309,-0.178071,1.60614,-0.264603,0.0933971,0.0201066,-0.959613
177.283,6.2,-0.00125859,-0.172841,1.60521,-0.280954,0.108949,0.0152967,-0.953394
177.292,6.209,0.000409887,-0.167414,1.60507,-0.280864,0.104982,0.0124389,-0.953908
177.3,6.217,0.00212665,-0.162315,1.60557,-0.293236,0.107886,0.00891502,-0.949892
177.308,6.225,0.00403762,-0.157021,1.60518,-0.289068,0.111551,0.00454774,-0.950776
177.317,6.234,0.00590327,-0.151945,1.60528,-0.277213,0.108497,0.00110465,-0.954662
177.325,6.242,0.00749613,-0.14713,1.60375,-0.305272,0.120165,-0.00165758,-0.944652
177.333,6.25,0.00934875,-0.142506,1.60461,-0.307899,0.114223,-0.00262667,-0.944534
177.342,6.259,0.0110617,-0.138023,1.60359,-0.302017,0.123687,-0.00706893,-0.945218
177.35,6.267,0.0127149,-0.133898,1.60379,-0.320651,0.119013,-0.00615069,-0.939671
177.358,6.275,0.0141948,-0.130021,1.60255,-0.320925,0.121139,-0.00742143,-0.939296
177.367,6.284,0.0157543,-0.126341,1.60355,-0.310754,0.126117,-0.00702961,-0.94206
177.375,6.292,0.0168841,-0.123207,1.60291,-0.327911,0.123811,-0.00361119,-0.936553
177.383,6.3,0.0178698,-0.120538,1.60249,-0.33113,0.125442,-0.00136271,-0.935209
177.392,6.309,0.0187696,-0.118231,1.60239,-0.330217,0.130462,0.000900228,-0.934845
177.4,6.317,0.0192926,-0.116698,1.59989,-0.342962,0.12942,0.00343684,-0.930385
177.408,6.325,0.0199658,-0.115592,1.60156,-0.33844,0.128478,0.00667802,-0.932152
177.417,6.334,0.0203509,-0.114856,1.60009,-0.341226,0.134892,0.00886592,-0.93021
177.425,6.342,0.0205074,-0.114857,1.59976,-0.346147,0.133713,0.0125262,-0.928518
177.433,6.35,0.020608,-0.115251,1.59975,-0.346214,0.137135,0.0157799,-0.927944
177.442,6.359,0.0204962,-0.116357,1.60098,-0.347747,0.133287,0.0199855,-0.927851
177.45,6.367,0.020164,-0.117864,1.59974,-0.354359,0.134484,0.0231427,-0.925099
177.458,6.375,0.0199071,-0.119725,1.60165,-0.347053,0.135685,0.0281832,-0.92755
177.467,6.384,0.0193133,-0.122099,1.60113,-0.3634,0.135096,0.0334576,-0.921179
177.475,6.392,0.0186924,-0.124669,1.60051,-0.349135,0.145209,0.0368658,-0.925019
177.483,6.4,0.0179451,-0.127876,1.60147,-0.345493,0.149772,0.042075,-0.925436
177.492,6.409,0.0169988,-0.131662,1.60358,-0.360821,0.141938,0.0505457,-0.920384
177.5,6.417,0.0161338,-0.135739,1.60652,-0.346037,0.143647,0.0570509,-0.925402
177.508,6.425,0.0146545,-0.139995,1.60407,-0.347436,0.148757,0.0621164,-0.923743
177.517,6.434,0.0135035,-0.144749,1.60764,-0.338292,0.147408,0.0699242,-0.92679
177.525,6.442,0.0124031,-0.149515,1.60873,-0.320635,0.166471,0.0729306,-0.929603
177.533,6.45,0.0102662,-0.15485,1.60764,-0.352457,0.1445,0.0853509,-0.920657
177.542,6.459,0.00932342,-0.161028,1.61409,-0.367159,0.140037,0.0911158,-0.915031
177.55,6.467,0.00719024,-0.166292,1.61297,-0.34378,0.148272,0.0957262,-0.922316
177.558,6.475,0.00553197,-0.172049,1.6161,-0.321557,0.152947,0.100012,-0.929089
177.567,6.484,0.00401101,-0.177301,1.61532,-0.304276,0.172176,0.102662,-0.931253
177.575,6.492,0.00209362,-0.183579,1.61906,-0.32967,0.157901,0.110162,-0.924256
177.583,6.5,0.00014484,-0.189455,1.6204,-0.333681,0.156416,0.114395,-0.922553
177.592,6.509,-0.00169525,-0.195378,1.62334,-0.330073,0.150844,0.11882,-0.924218
177.6,6.517,-0.00364554,-0.200905,1.62337,-0.295284,0.158896,0.117513,-0.934746
177.608,6.525,-0.00603304,-0.207229,1.62592,-0.305307,0.139346,0.119846,-0.934349
177.617,6.534,-0.00603304,-0.207229,1.62592,-0.305307,0.139346,0.119846,-0.934349
177.625,6.542,-0.00665377,-0.212983,1.62729,-0.311633,0.139637,0.136632,-0.929902
177.633,6.55,-0.00566071,-0.213293,1.62612,-0.246489,0.134628,0.1242,-0.951679
177.642,6.559,-0.00562916,-0.213104,1.62626,-0.247789,0.129933,0.126775,-0.951654
177.65,6.567,-0.00591687,-0.213195,1.62599,-0.254672,0.126778,0.127351,-0.950185
177.658,6.575,-0.00625101,-0.213816,1.62557,-0.267114,0.124192,0.129135,-0.946863
177.667,6.584,-0.00640993,-0.214071,1.62541,-0.262025,0.123234,0.129388,-0.948375
177.675,6.592,-0.00653176,-0.214129,1.62553,-0.260893,0.123256,0.129692,-0.948642
177.683,6.6,-0.00659119,-0.214131,1.62511,-0.266219,0.132663,0.129316,-0.945942
177.692,6.609,-0.00663599,-0.214131,1.62516,-0.267448,0.133142,0.129627,-0.945485
177.7,6.617,-0.00667143,-0.214135,1.62526,-0.268539,0.132795,0.130161,-0.945151
177.708,6.625,-0.00668838,-0.214099,1.6253,-0.270021,0.134307,0.130505,-0.944467
177.717,6.634,-0.00670884,-0.214038,1.62531,-0.271285,0.134465,0.130782,-0.944044
177.725,6.642,-0.00671508,-0.214026,1.62534,-0.272398,0.134649,0.130874,-0.943685
177.733,6.65,-0.00668952,-0.214061,1.62529,-0.270691,0.134531,0.130728,-0.944213
177.742,6.659,-0.00665866,-0.214169,1.62532,-0.267578,0.134976,0.130317,-0.945093
177.75,6.667,-0.00666815,-0.214266,1.62582,-0.260025,0.123512,0.131261,-0.948632
177.758,6.675,-0.0065995,-0.21432,1.62513,-0.260024,0.133381,0.129433,-0.947546
177.767,6.684,-0.00665076,-0.214414,1.62493,-0.252274,0.131198,0.128265,-0.950102
177.775,6.692,-0.00658512,-0.214476,1.62378,-0.259572,0.14059,0.12721,-0.946929
177.783,6.7,-0.00655095,-0.21455,1.62445,-0.252711,0.132361,0.12793,-0.949869
177.792,6.709,-0.00651746,-0.214587,1.6244,-0.252116,0.13218,0.128044,-0.950037
177.8,6.717,-0.00651484,-0.214564,1.62442,-0.251875,0.13177,0.128116,-0.950149
177.808,6.725,-0.0065122,-0.214563,1.6244,-0.252054,0.132236,0.128126,-0.950035
177.817,6.734,-0.00652048,-0.214534,1.62447,-0.253007,0.13204,0.12826,-0.949791
177.825,6.742,-0.00652526,-0.214538,1.62448,-0.253755,0.132052,0.128307,-0.949583
177.833,6.75,-0.00652583,-0.214523,1.62451,-0.254352,0.1328,0.128213,-0.949332
177.842,6.759,-0.00653411,-0.21451,1.62452,-0.254465,0.132405,0.128175,-0.949362
177.85,6.767,-0.00653048,-0.214479,1.6246,-0.256557,0.132323,0.128397,-0.94878
177.858,6.775,-0.0065364,-0.214449,1.6246,-0.2576,0.132266,0.128458,-0.948497
177.867,6.784,-0.00657726,-0.214455,1.62539,-0.249156,0.123935,0.12897,-0.951803
177.875,6.792,-0.00657027,-0.214452,1.62538,-0.249066,0.124235,0.12887,-0.951801
177.883,6.8,-0.00656999,-0.214464,1.62535,-0.249652,0.123931,0.129002,-0.951669
177.892,6.809,-0.00652932,-0.214455,1.62455,-0.259144,0.131263,0.128685,-0.948185
177.9,6.817,-0.00653296,-0.214472,1.62456,-0.260474,0.131102,0.128961,-0.947805
177.908,6.825,-0.00653536,-0.214482,1.62456,-0.259977,0.131422,0.128916,-0.947903
177.917,6.834,-0.00653549,-0.214471,1.6246,-0.26181,0.131293,0.129368,-0.947355
177.925,6.842,-0.00654371,-0.214468,1.62459,-0.262612,0.131124,0.129413,-0.94715
177.933,6.85,-0.00654786,-0.214458,1.62457,-0.263414,0.130359,0.129732,-0.94699
177.942,6.859,-0.0065536,-0.214451,1.62461,-0.264618,0.130478,0.129817,-0.946626
177.95,6.867,-0.00655705,-0.214436,1.62465,-0.264977,0.129526,0.130048,-0.946624
177.958,6.875,-0.00655989,-0.214434,1.62468,-0.266081,0.129854,0.130119,-0.94626
177.967,6.884,-0.00655454,-0.214439,1.6247,-0.266456,0.12962,0.130151,-0.946182
177.975,6.892,-0.00655749,-0.214444,1.62465,-0.265286,0.12955,0.12983,-0.946564
177.983,6.9,-0.00653985,-0.214478,1.6246,-0.263768,0.131088,0.129294,-0.94685
177.992,6.909,-0.00653441,-0.214503,1.62453,-0.262707,0.130345,0.129202,-0.94726
178,6.917,-0.00651803,-0.214526,1.62449,-0.261318,0.130277,0.128928,-0.947691
178.008,6.925,-0.00650365,-0.214537,1.62446,-0.260584,0.129723,0.128828,-0.947983
178.017,6.934,-0.00649922,-0.214556,1.62447,-0.26008,0.129899,0.128624,-0.948125
178.025,6.942,-0.00649445,-0.214564,1.62446,-0.260717,0.130538,0.128545,-0.947873
178.033,6.95,-0.00649176,-0.214573,1.62443,-0.259404,0.130294,0.128315,-0.948298
178.042,6.959,-0.00649546,-0.214579,1.62445,-0.258846,0.130416,0.128051,-0.948469
178.05,6.967,-0.00649848,-0.214578,1.6244,-0.258651,0.130208,0.127952,-0.948564
178.058,6.975,-0.00649922,-0.214585,1.62439,-0.257137,0.130273,0.127553,-0.94902
178.067,6.984,-0.0064903,-0.214597,1.62438,-0.256575,0.130646,0.127298,-0.949156
178.075,6.992,-0.00647489,-0.214619,1.62434,-0.254865,0.130909,0.126826,-0.949643
178.083,7,-0.00646124,-0.214623,1.62424,-0.254526,0.131222,0.126459,-0.94974
178.092,7.009,-0.00643108,-0.214649,1.62427,-0.253656,0.131521,0.126065,-0.949983
178.1,7.017,-0.00640038,-0.214666,1.62419,-0.251918,0.132017,0.125493,-0.950453
178.108,7.025,-0.00638293,-0.214678,1.62412,-0.251112,0.131844,0.125115,-0.95074
178.117,7.034,-0.00636686,-0.214695,1.6241,-0.250208,0.13205,0.124586,-0.951019
178.125,7.042,-0.00646476,-0.214926,1.62488,-0.269171,0.125897,0.126529,-0.946408
178.133,7.05,-0.00644653,-0.214865,1.62404,-0.274734,0.130931,0.125623,-0.944244
178.142,7.059,-0.00643375,-0.214875,1.62473,-0.269802,0.125914,0.125581,-0.946352
178.15,7.067,-0.00645109,-0.21477,1.62404,-0.275707,0.131043,0.124416,-0.944105
178.158,7.075,-0.00638458,-0.21442,1.62336,-0.258779,0.135318,0.121661,-0.948642
178.167,7.084,-0.00647977,-0.214148,1.62348,-0.264708,0.134474,0.12048,-0.947276
178.175,7.092,-0.00663748,-0.213738,1.62473,-0.264104,0.128924,0.118702,-0.948439
178.183,7.1,-0.00690656,-0.213056,1.62555,-0.291824,0.128155,0.117463,-0.940541
178.192,7.109,-0.00720901,-0.212036,1.62602,-0.296824,0.126701,0.11272,-0.939754
178.2,7.117,-0.00743461,-0.210687,1.62593,-0.307623,0.140671,0.10773,-0.934866
178.208,7.125,-0.00760587,-0.20947,1.62691,-0.321245,0.130055,0.105032,-0.932124
178.217,7.134,-0.00774621,-0.207838,1.62725,-0.330299,0.132161,0.0995899,-0.929257
178.225,7.142,-0.00758088,-0.20607,1.62738,-0.311152,0.124876,0.0922245,-0.937595
178.233,7.15,-0.00696313,-0.204142,1.62684,-0.279766,0.123976,0.0808519,-0.948591
178.242,7.159,-0.00590704,-0.201841,1.62725,-0.28931,0.128329,0.0749162,-0.945631
178.25,7.167,-0.00464481,-0.198524,1.6271,-0.29238,0.123244,0.0716026,-0.94562
178.258,7.175,-0.00308205,-0.194324,1.62688,-0.281571,0.132169,0.0665234,-0.948063
178.267,7.184,-0.00138559,-0.190168,1.62649,-0.292947,0.131845,0.0629102,-0.944903
178.275,7.192,0.000533061,-0.185964,1.62436,-0.287736,0.138717,0.0554169,-0.945989
178.283,7.2,0.00283862,-0.181686,1.62578,-0.280634,0.138231,0.0504669,-0.948467
178.292,7.209,0.00490106,-0.177123,1.62379,-0.291676,0.141639,0.0456533,-0.94487
178.3,7.217,0.00706302,-0.17248,1.62366,-0.295336,0.139938,0.0427979,-0.94412
178.308,7.225,0.00907409,-0.167853,1.6211,-0.308173,0.141965,0.0392558,-0.939859
178.317,7.234,0.0112723,-0.16334,1.62168,-0.312768,0.142659,0.0371229,-0.938321
178.325,7.242,0.0130677,-0.158854,1.61857,-0.326712,0.145657,0.0338109,-0.93322
178.333,7.25,0.0150359,-0.154657,1.61969,-0.319919,0.141877,0.0325668,-0.936196
178.342,7.259,0.0166136,-0.15063,1.61705,-0.316128,0.143329,0.0295617,-0.937361
178.35,7.267,0.0180767,-0.14697,1.61574,-0.337943,0.137462,0.0301622,-0.930585
178.358,7.275,0.0196846,-0.143272,1.61643,-0.325795,0.140244,0.0301422,-0.934495
178.367,7.284,0.0208312,-0.14017,1.61561,-0.332008,0.135699,0.0312077,-0.932943
178.375,7.292,0.0218867,-0.137266,1.61406,-0.335268,0.134969,0.0324519,-0.93184
178.383,7.3,0.0228178,-0.134744,1.61346,-0.333438,0.135864,0.0342164,-0.932303
178.392,7.309,0.0237927,-0.132688,1.61347,-0.325713,0.140216,0.0354295,-0.934342
178.4,7.317,0.0242796,-0.131026,1.61047,-0.331759,0.145464,0.036704,-0.931359
178.408,7.325,0.0248704,-0.130375,1.61132,-0.371671,0.13805,0.0407572,-0.917138
178.417,7.334,0.0249897,-0.129709,1.61022,-0.340162,0.138578,0.044269,-0.929046
178.425,7.342,0.0251118,-0.129802,1.60938,-0.342404,0.138015,0.0478556,-0.928128
178.433,7.35,0.0252585,-0.130396,1.60988,-0.346022,0.140174,0.0520792,-0.926233
178.442,7.359,0.024879,-0.131539,1.60683,-0.352721,0.142772,0.055007,-0.923135
178.45,7.367,0.0247181,-0.133375,1.60974,-0.352451,0.138717,0.061422,-0.923452
178.458,7.375,0.0242302,-0.135123,1.6066,-0.342948,0.155213,0.0638682,-0.924238
178.467,7.384,0.0237894,-0.138141,1.60877,-0.350393,0.152196,0.0693781,-0.921547
178.475,7.392,0.0226405,-0.141056,1.60597,-0.347424,0.158872,0.074243,-0.921165
178.483,7.4,0.0217156,-0.144497,1.60659,-0.340405,0.161209,0.0810086,-0.922807
178.492,7.409,0.0205881,-0.148719,1.60961,-0.366309,0.1552,0.0895539,-0.913078
178.5,7.417,0.019397,-0.153096,1.61039,-0.369792,0.161171,0.0938909,-0.910199
178.508,7.425,0.0180725,-0.157208,1.60918,-0.328619,0.172333,0.0992061,-0.923292
178.517,7.434,0.0168289,-0.162283,1.61228,-0.33687,0.168446,0.106007,-0.920276
178.525,7.442,0.0149135,-0.167847,1.61334,-0.3667,0.158152,0.111352,-0.910011
178.533,7.45,0.013004,-0.1727,1.61384,-0.344747,0.158717,0.11764,-0.917671
178.542,7.459,0.0112858,-0.177666,1.6136,-0.324565,0.161755,0.122207,-0.923882
178.55,7.467,0.0098896,-0.183075,1.61742,-0.316898,0.168681,0.125613,-0.924848
178.558,7.475,0.00732407,-0.188704,1.61656,-0.350489,0.145455,0.133669,-0.915496
178.567,7.484,0.00579929,-0.194695,1.62228,-0.357832,0.135463,0.138678,-0.913441
178.575,7.492,0.00336271,-0.199733,1.62278,-0.345114,0.147843,0.138373,-0.916456
178.583,7.5,0.00100639,-0.20466,1.62334,-0.292637,0.151594,0.136986,-0.93414
178.592,7.509,-0.00191464,-0.209503,1.62271,-0.342724,0.12621,0.146311,-0.91935
178.6,7.517,-0.00191464,-0.209503,1.62271,-0.342724,0.12621,0.146311,-0.91935
178.608,7.525,-0.00125587,-0.211851,1.62488,-0.300041,0.133952,0.137126,-0.934467
178.617,7.534,-0.000744427,-0.211941,1.62513,-0.275273,0.11128,0.138552,-0.944799
178.625,7.542,-0.00107097,-0.212655,1.62525,-0.288972,0.108915,0.140335,-0.940712
178.633,7.55,-0.00133351,-0.213286,1.62399,-0.26075,0.10537,0.13673,-0.949848
178.642,7.559,-0.00151736,-0.213962,1.62336,-0.264819,0.105741,0.137378,-0.948587
178.65,7.567,-0.00161225,-0.214288,1.62226,-0.267728,0.110946,0.137128,-0.947211
178.658,7.575,-0.00166942,-0.214542,1.62221,-0.26075,0.110127,0.136835,-0.949293
178.667,7.584,-0.00168989,-0.21469,1.62221,-0.259051,0.109783,0.136891,-0.94979
178.675,7.592,-0.00171595,-0.214789,1.62211,-0.257889,0.108509,0.137327,-0.95019
178.683,7.6,-0.00183378,-0.21508,1.62289,-0.275351,0.106616,0.139757,-0.945136
178.692,7.609,-0.00185471,-0.215106,1.62286,-0.2745,0.106148,0.140152,-0.945378
178.7,7.617,-0.00188648,-0.215108,1.62296,-0.276115,0.105786,0.140663,-0.944872
178.708,7.625,-0.00190707,-0.215093,1.62299,-0.278035,0.106485,0.140939,-0.944189
178.717,7.634,-0.0019244,-0.215128,1.62308,-0.279203,0.106671,0.141187,-0.943787
178.725,7.642,-0.00192652,-0.215136,1.62307,-0.279764,0.107018,0.141158,-0.943586
178.733,7.65,-0.00192526,-0.21518,1.62308,-0.278553,0.106355,0.141203,-0.944012
178.742,7.659,-0.00191526,-0.215193,1.62301,-0.278417,0.10667,0.141165,-0.944022
178.75,7.667,-0.00188266,-0.215226,1.62296,-0.276999,0.106186,0.140948,-0.944526
178.758,7.675,-0.0018613,-0.215248,1.62288,-0.277759,0.106354,0.14111,-0.94426
178.767,7.684,-0.00183182,-0.215289,1.62282,-0.277731,0.105982,0.141425,-0.944263
178.775,7.692,-0.00181196,-0.215296,1.6228,-0.276349,0.105676,0.141264,-0.944727
178.783,7.7,-0.00179571,-0.215317,1.62277,-0.277224,0.105906,0.141446,-0.944417
178.792,7.709,-0.00179662,-0.215314,1.62271,-0.278009,0.106242,0.141696,-0.944111
178.8,7.717,-0.00179204,-0.215351,1.62277,-0.277262,0.106087,0.141609,-0.944361
178.808,7.725,-0.00179577,-0.215363,1.62277,-0.27691,0.105885,0.14157,-0.944493
178.817,7.734,-0.00178854,-0.215361,1.62277,-0.276667,0.106105,0.141437,-0.94456
178.825,7.742,-0.00179356,-0.215341,1.62277,-0.276931,0.105645,0.141471,-0.944529
178.833,7.75,-0.0017863,-0.215323,1.62278,-0.277619,0.106111,0.141322,-0.944297
178.842,7.759,-0.00178541,-0.215265,1.62272,-0.277777,0.105973,0.141138,-0.944293
178.85,7.767,-0.00177552,-0.215257,1.62271,-0.278884,0.106188,0.141214,-0.943931
178.858,7.775,-0.00176009,-0.215258,1.62273,-0.277663,0.106165,0.140852,-0.944348
178.867,7.784,-0.00176072,-0.215265,1.6227,-0.277932,0.106371,0.14092,-0.944236
178.875,7.792,-0.00175393,-0.215287,1.62275,-0.27705,0.106166,0.140746,-0.944544
178.883,7.8,-0.00174638,-0.215293,1.62271,-0.277652,0.105813,0.140904,-0.944383
178.892,7.809,-0.00175395,-0.215291,1.62271,-0.277083,0.105519,0.140928,-0.944579
178.9,7.817,-0.00175388,-0.215297,1.62272,-0.277796,0.105942,0.141125,-0.944293
178.908,7.825,-0.00175814,-0.215264,1.6227,-0.279065,0.106029,0.141177,-0.943901
178.917,7.834,-0.00175908,-0.215268,1.62276,-0.278728,0.105781,0.14123,-0.944021
178.925,7.842,-0.00176816,-0.215241,1.62269,-0.279357,0.105791,0.141331,-0.943819
178.933,7.85,-0.00176538,-0.215241,1.62271,-0.278949,0.10619,0.141206,-0.943913
178.942,7.859,-0.00176085,-0.215233,1.62269,-0.279725,0.10603,0.141272,-0.943692
178.95,7.867,-0.00175699,-0.215238,1.6227,-0.278285,0.105764,0.141083,-0.944175
178.958,7.875,-0.00175038,-0.215246,1.62276,-0.277474,0.105706,0.140912,-0.944446
178.967,7.884,-0.00175143,-0.215228,1.62274,-0.277516,0.105789,0.140792,-0.944442
178.975,7.892,-0.00175858,-0.215212,1.62274,-0.278277,0.10559,0.140915,-0.944222
178.983,7.9,-0.00175222,-0.215204,1.62275,-0.277772,0.105961,0.140629,-0.944372
178.992,7.909,-0.0017562,-0.21518,1.62274,-0.278159,0.105772,0.140784,-0.944256
179,7.917,-0.00175417,-0.215187,1.62282,-0.276621,0.105853,0.14034,-0.944765
179.008,7.925,-0.00176078,-0.215171,1.62273,-0.277904,0.105929,0.140457,-0.944362
179.017,7.934,-0.00176447,-0.215175,1.62272,-0.276743,0.10596,0.140202,-0.944738
179.025,7.942,-0.00176144,-0.215194,1.62278,-0.274998,0.105457,0.139915,-0.945346
179.033,7.95,-0.00175688,-0.215206,1.62276,-0.274757,0.105585,0.139671,-0.945438
179.042,7.959,-0.00174759,-0.215196,1.62273,-0.272944,0.105663,0.139191,-0.946025
179.05,7.967,-0.00173374,-0.215203,1.62269,-0.272949,0.105793,0.139011,-0.946035
179.058,7.975,-0.00172193,-0.215206,1.62266,-0.271655,0.105724,0.138678,-0.946464
179.067,7.984,-0.00171086,-0.215216,1.62266,-0.270759,0.105716,0.13815,-0.946799
179.075,7.992,-0.00168908,-0.21522,1.6226,-0.270091,0.105997,0.137696,-0.947025
179.083,8,-0.00166423,-0.215239,1.62256,-0.269767,0.106382,0.137274,-0.947135
179.092,8.009,-0.00168151,-0.215271,1.62225,-0.266997,0.108321,0.135881,-0.9479
179.1,8.017,-0.00166184,-0.215293,1.62213,-0.266766,0.108862,0.135258,-0.947993
179.108,8.025,-0.00169592,-0.215463,1.62235,-0.255735,0.104879,0.133068,-0.951784
179.117,8.034,-0.00169645,-0.215455,1.62234,-0.256288,0.105051,0.132124,-0.951748
179.125,8.042,-0.00174627,-0.215351,1.62231,-0.257299,0.103663,0.131073,-0.951773
179.133,8.05,-0.00186629,-0.2151,1.62248,-0.264275,0.101811,0.129755,-0.95024
179.142,8.059,-0.00198552,-0.214399,1.62236,-0.260392,0.112,0.125309,-0.950763
179.15,8.067,-0.00224498,-0.213786,1.62327,-0.278644,0.110897,0.122688,-0.946048
179.158,8.075,-0.00249549,-0.212874,1.62426,-0.305506,0.104811,0.122056,-0.938501
179.167,8.084,-0.00285773,-0.211694,1.62479,-0.309054,0.0986079,0.117523,-0.93859
179.175,8.092,-0.00347619,-0.210136,1.62554,-0.317702,0.0775304,0.116785,-0.937772
179.183,8.1,-0.00372468,-0.208275,1.62451,-0.314729,0.0976024,0.104577,-0.938341
179.192,8.109,-0.00354019,-0.206815,1.62669,-0.300531,0.0717925,0.100305,-0.945762
179.2,8.117,-0.00300157,-0.20488,1.62533,-0.269059,0.0949444,0.0837762,-0.954764
179.208,8.125,-0.00222686,-0.202688,1.626,-0.259333,0.0937249,0.0765479,-0.958177
179.217,8.134,-0.0013548,-0.199065,1.62598,-0.24512,0.0957876,0.0711862,-0.962119
179.225,8.142,-0.000658801,-0.194736,1.62474,-0.252188,0.102357,0.0686655,-0.959797
179.233,8.15,0.000438744,-0.190395,1.62537,-0.255763,0.106566,0.0664693,-0.958546
179.242,8.159,0.00172966,-0.186112,1.62448,-0.252742,0.112929,0.0603214,-0.959026
179.25,8.167,0.00316897,-0.181644,1.62485,-0.249549,0.114318,0.055985,-0.95996
179.258,8.175,0.00442158,-0.177,1.62366,-0.262245,0.123545,0.0518313,-0.955656
179.267,8.184,0.00576807,-0.172196,1.62344,-0.278927,0.1274,0.0499708,-0.950511
179.275,8.192,0.00724926,-0.167294,1.62325,-0.256956,0.135261,0.0442709,-0.955886
179.283,8.2,0.00844221,-0.162594,1.62106,-0.27507,0.141787,0.0414753,-0.950007
179.292,8.209,0.00973863,-0.158004,1.62125,-0.28581,0.144563,0.0397344,-0.946486
179.3,8.217,0.0108234,-0.153455,1.61831,-0.299773,0.150812,0.0370828,-0.941285
179.308,8.225,0.0120148,-0.149314,1.6195,-0.296306,0.149718,0.0361931,-0.942591
179.317,8.234,0.0128743,-0.145155,1.61664,-0.307199,0.156086,0.0342854,-0.938132
179.325,8.242,0.0138492,-0.141426,1.61777,-0.28919,0.158947,0.0333136,-0.943396
179.333,8.25,0.0143841,-0.138128,1.61626,-0.310814,0.157677,0.0343503,-0.936671
179.342,8.259,0.0148578,-0.135225,1.61574,-0.314147,0.15706,0.0349974,-0.935638
179.35,8.267,0.0152191,-0.132647,1.61478,-0.313678,0.159816,0.0356566,-0.935304
179.358,8.275,0.0155552,-0.130413,1.61428,-0.314572,0.163225,0.0377809,-0.934331
179.367,8.284,0.0154335,-0.128793,1.61137,-0.323994,0.162981,0.0395306,-0.931076
179.375,8.292,0.0154699,-0.127651,1.61219,-0.317531,0.163385,0.0425015,-0.933099
179.383,8.3,0.0151103,-0.127122,1.61053,-0.331453,0.157068,0.0460025,-0.929168
179.392,8.309,0.0149585,-0.126588,1.60849,-0.324994,0.169658,0.0477446,-0.929148
179.4,8.317,0.0144985,-0.127128,1.60849,-0.347447,0.160034,0.0530249,-0.92242
179.408,8.325,0.0140463,-0.127932,1.60878,-0.331318,0.161392,0.0562515,-0.92791
179.417,8.334,0.0132567,-0.129066,1.60611,-0.354365,0.155925,0.063131,-0.919852
179.425,8.342,0.0127648,-0.13103,1.60839,-0.335796,0.160899,0.0653186,-0.925789
179.433,8.35,0.0120472,-0.132883,1.6054,-0.334954,0.172237,0.0687736,-0.923802
179.442,8.359,0.0113611,-0.135628,1.60764,-0.35948,0.169276,0.075322,-0.914575
179.45,8.367,0.00998361,-0.138531,1.60507,-0.354003,0.158088,0.084751,-0.917882
179.458,8.375,0.00958985,-0.142046,1.6087,-0.330063,0.173735,0.0867485,-0.923769
179.467,8.384,0.0082432,-0.145558,1.60527,-0.326084,0.177511,0.0914658,-0.924009
179.475,8.392,0.00673836,-0.150175,1.60546,-0.364707,0.152971,0.101255,-0.912873
179.483,8.4,0.00587796,-0.154228,1.60565,-0.326399,0.175752,0.101304,-0.923208
179.492,8.409,0.00438998,-0.15911,1.60608,-0.350023,0.157154,0.110526,-0.916826
179.5,8.417,0.00346374,-0.164161,1.60895,-0.354555,0.161105,0.114164,-0.913949
179.508,8.425,0.00217234,-0.168716,1.60715,-0.319744,0.171328,0.116258,-0.924605
179.517,8.434,0.000790454,-0.173905,1.60824,-0.327611,0.16639,0.121996,-0.92201
179.525,8.442,-0.000672639,-0.179479,1.61044,-0.335638,0.151624,0.127636,-0.920905
179.533,8.45,-0.00192507,-0.184736,1.61235,-0.323818,0.153134,0.130057,-0.924542
179.542,8.459,-0.00301558,-0.189526,1.61303,-0.302924,0.162161,0.131761,-0.929828
179.55,8.467,-0.00446885,-0.195346,1.61696,-0.32593,0.142541,0.136421,-0.924576
179.558,8.475,-0.00608849,-0.200011,1.615,-0.314185,0.149986,0.13423,-0.927779
179.567,8.484,-0.0076437,-0.205347,1.61783,-0.302021,0.133307,0.1337,-0.934418
179.575,8.492,-0.00945669,-0.210708,1.61985,-0.314857,0.10689,0.135611,-0.9333
179.583,8.5,-0.00972691,-0.212162,1.61988,-0.316115,0.122668,0.134734,-0.931059
179.592,8.509,-0.00934177,-0.213858,1.6204,-0.296685,0.120393,0.143807,-0.936378
179.6,8.517,-0.00854241,-0.213884,1.61941,-0.262024,0.113029,0.133947,-0.949013
179.608,8.525,-0.00858137,-0.213832,1.61946,-0.271288,0.114654,0.137375,-0.94572
179.617,8.534,-0.00880546,-0.213962,1.61847,-0.267214,0.112937,0.136394,-0.947227
179.625,8.542,-0.00906035,-0.214791,1.61878,-0.271352,0.108723,0.137443,-0.946392
179.633,8.55,-0.00926715,-0.215382,1.61825,-0.253885,0.104061,0.135819,-0.951981
179.642,8.559,-0.00933514,-0.215624,1.61807,-0.247855,0.102981,0.135617,-0.953714
179.65,8.567,-0.00941772,-0.215898,1.61804,-0.258448,0.104419,0.136738,-0.950581
179.658,8.575,-0.00944436,-0.215997,1.61796,-0.255985,0.10363,0.136798,-0.951325
179.667,8.584,-0.00946206,-0.21609,1.61788,-0.254536,0.102627,0.137303,-0.95175
179.675,8.592,-0.0094659,-0.216146,1.61787,-0.254426,0.101811,0.137824,-0.951791
179.683,8.6,-0.00947977,-0.216185,1.61791,-0.254071,0.101524,0.138232,-0.951858
179.692,8.609,-0.00949686,-0.216188,1.6179,-0.254856,0.101739,0.138487,-0.951588
179.7,8.617,-0.00951497,-0.216199,1.61795,-0.255575,0.101664,0.138768,-0.951362
179.708,8.625,-0.00952925,-0.216215,1.61802,-0.255426,0.101694,0.138724,-0.951405
179.717,8.634,-0.00952423,-0.216228,1.61804,-0.256681,0.10234,0.138798,-0.950987
179.725,8.642,-0.00952852,-0.216243,1.61804,-0.255404,0.102612,0.138447,-0.951353
179.733,8.65,-0.00951886,-0.216257,1.61802,-0.255905,0.102621,0.138442,-0.951218
179.742,8.659,-0.00949296,-0.216287,1.61797,-0.255412,0.10293,0.138351,-0.95133
179.75,8.667,-0.00946836,-0.216307,1.61795,-0.254131,0.103226,0.137989,-0.951694
179.758,8.675,-0.00945288,-0.216313,1.61789,-0.254019,0.103147,0.138065,-0.951721
179.767,8.684,-0.00945225,-0.216298,1.61789,-0.254699,0.103417,0.138156,-0.951497
179.775,8.692,-0.00945983,-0.216297,1.61788,-0.254736,0.103235,0.13825,-0.951493
179.783,8.7,-0.00946461,-0.216286,1.61791,-0.255396,0.103307,0.138335,-0.951296
179.792,8.709,-0.00947094,-0.216279,1.61795,-0.255449,0.102811,0.138419,-0.951323
179.8,8.717,-0.00946611,-0.216271,1.61794,-0.255931,0.103449,0.138263,-0.951147
179.808,8.725,-0.00946912,-0.216252,1.61796,-0.256088,0.103268,0.138228,-0.95113
179.817,8.734,-0.00947479,-0.216229,1.61799,-0.257084,0.10333,0.138225,-0.950854
179.825,8.742,-0.0094764,-0.216202,1.61797,-0.257419,0.104038,0.138073,-0.950709
179.833,8.75,-0.00947349,-0.216169,1.61798,-0.257804,0.103505,0.137914,-0.950686
179.842,8.759,-0.0094655,-0.216174,1.61803,-0.257991,0.104011,0.137759,-0.950603
179.85,8.767,-0.00945743,-0.216173,1.618,-0.257581,0.103716,0.137675,-0.950758
179.858,8.775,-0.00943638,-0.216193,1.61799,-0.257869,0.103685,0.137685,-0.950682
179.867,8.784,-0.00942935,-0.216203,1.61793,-0.256893,0.10401,0.137388,-0.950954
179.875,8.792,-0.00942532,-0.216217,1.61789,-0.256697,0.103441,0.137412,-0.951065
179.883,8.8,-0.00941783,-0.216228,1.6179,-0.256365,0.103837,0.137487,-0.951101
179.892,8.809,-0.00940999,-0.216219,1.6179,-0.256923,0.104071,0.137255,-0.950958
179.9,8.817,-0.00940905,-0.216217,1.61792,-0.257217,0.10376,0.13728,-0.950909
179.908,8.825,-0.00941419,-0.216198,1.6179,-0.257157,0.103967,0.137176,-0.950918
179.917,8.834,-0.0094277,-0.216188,1.61796,-0.257417,0.103742,0.137265,-0.950859
179.925,8.842,-0.00943206,-0.21617,1.61798,-0.2575,0.103884,0.137143,-0.950838
179.933,8.85,-0.00944476,-0.216151,1.61802,-0.258363,0.103795,0.137227,-0.950602
179.942,8.859,-0.00944368,-0.216134,1.61805,-0.258445,0.103942,0.137112,-0.95058
179.95,8.867,-0.00944946,-0.216109,1.61805,-0.259351,0.10436,0.137085,-0.950291
179.958,8.875,-0.00945821,-0.216099,1.61811,-0.259509,0.104377,0.137056,-0.950251
179.967,8.884,-0.0094587,-0.216081,1.61814,-0.259009,0.104508,0.136905,-0.950394
179.975,8.892,-0.00945618,-0.216064,1.61814,-0.258604,0.104349,0.136745,-0.950545
179.983,8.9,-0.00945607,-0.216062,1.61814,-0.25853,0.104476,0.136605,-0.950571
179.992,8.909,-0.00945723,-0.216045,1.61811,-0.258692,0.104103,0.136668,-0.950559
180,8.917,-0.00946405,-0.216041,1.61813,-0.258149,0.103787,0.136507,-0.950765
180.008,8.925,-0.00947004,-0.216028,1.61812,-0.257851,0.104127,0.136369,-0.950828
180.017,8.934,-0.00947635,-0.216009,1.61811,-0.257493,0.103815,0.136271,-0.950973
180.025,8.942,-0.00948754,-0.216,1.61818,-0.257337,0.104156,0.136056,-0.951009
180.033,8.95,-0.0094943,-0.215973,1.61821,-0.257093,0.10449,0.135901,-0.95106
180.042,8.959,-0.00949387,-0.215954,1.61825,-0.257955,0.104316,0.135858,-0.950852
180.05,8.967,-0.00948445,-0.215931,1.61824,-0.25766,0.104951,0.135572,-0.950903
180.058,8.975,-0.00948113,-0.215906,1.61823,-0.258203,0.104499,0.135663,-0.950793
180.067,8.984,-0.00947607,-0.215891,1.61825,-0.257942,0.104799,0.135414,-0.950866
180.075,8.992,-0.00947301,-0.215878,1.61829,-0.257656,0.105098,0.135216,-0.950939
180.083,9,-0.00946848,-0.215859,1.61827,-0.257713,0.104759,0.135086,-0.950979
180.092,9.009,-0.00946989,-0.215838,1.61829,-0.257671,0.105198,0.134923,-0.950965
180.1,9.017,-0.00947316,-0.215837,1.61829,-0.257495,0.104749,0.134767,-0.951084
180.108,9.025,-0.00947552,-0.215774,1.61823,-0.258177,0.104741,0.134624,-0.950921
180.117,9.034,-0.00944585,-0.215567,1.61828,-0.247783,0.102692,0.133881,-0.954009
180.125,9.042,-0.00948565,-0.215388,1.61845,-0.251581,0.10193,0.134214,-0.95305
180.133,9.05,-0.0095244,-0.21521,1.61863,-0.257364,0.101342,0.134833,-0.95148
180.142,9.059,-0.00950113,-0.215011,1.61903,-0.265991,0.101898,0.135911,-0.948891
180.15,9.067,-0.00946479,-0.214761,1.61896,-0.28039,0.106936,0.136982,-0.944024
180.158,9.075,-0.00946654,-0.214569,1.61912,-0.28726,0.108406,0.136818,-0.941813
180.167,9.084,-0.00940804,-0.214146,1.61892,-0.266702,0.114303,0.133721,-0.947588
180.175,9.092,-0.00935742,-0.21395,1.6185,-0.278611,0.109874,0.134955,-0.944506
180.183,9.1,-0.00935959,-0.213815,1.61863,-0.281914,0.110409,0.13498,-0.943459
180.192,9.109,-0.0093163,-0.213669,1.6188,-0.290298,0.112067,0.135922,-0.940582
180.2,9.117,-0.00930333,-0.213624,1.6188,-0.29104,0.112756,0.135733,-0.940297
180.208,9.125,-0.00929292,-0.213614,1.61882,-0.290608,0.112585,0.135527,-0.940481
180.217,9.134,-0.00927636,-0.213622,1.61878,-0.28992,0.112942,0.135417,-0.940666
180.225,9.142,-0.00926015,-0.213638,1.61874,-0.288044,0.112474,0.135095,-0.941345
180.233,9.15,-0.00928999,-0.213719,1.61855,-0.280507,0.110502,0.133924,-0.944018
180.242,9.159,-0.0092693,-0.213745,1.61844,-0.277545,0.110666,0.133375,-0.944951
180.25,9.167,-0.00924963,-0.213769,1.61839,-0.275769,0.110703,0.132897,-0.945534
180.258,9.175,-0.00922971,-0.213769,1.61834,-0.274016,0.110283,0.132492,-0.946149
180.267,9.184,-0.00921956,-0.213759,1.61831,-0.274048,0.110471,0.132284,-0.946147
180.275,9.192,-0.00921922,-0.213739,1.61835,-0.275259,0.110681,0.132174,-0.945787
180.283,9.2,-0.00922509,-0.213711,1.61839,-0.275003,0.11114,0.131796,-0.94586
180.292,9.209,-0.0092359,-0.213661,1.61845,-0.277099,0.1118,0.131741,-0.945178
180.3,9.217,-0.0092522,-0.213612,1.61851,-0.277386,0.11148,0.131398,-0.945179
180.308,9.225,-0.00926063,-0.213567,1.61859,-0.278626,0.111924,0.131195,-0.94479
180.317,9.234,-0.00927757,-0.213503,1.61866,-0.279934,0.112464,0.130865,-0.944385
180.325,9.242,-0.0092473,-0.213392,1.61879,-0.287904,0.114425,0.131702,-0.941633
180.333,9.25,-0.00921859,-0.213345,1.61965,-0.276569,0.10653,0.132057,-0.945897
180.342,9.259,-0.00922861,-0.213301,1.61971,-0.278135,0.106278,0.131959,-0.94548
180.35,9.267,-0.00922041,-0.213266,1.61965,-0.278139,0.1068,0.131745,-0.94545
180.358,9.275,-0.00922163,-0.21327,1.61974,-0.278605,0.107139,0.131689,-0.945282
180.367,9.284,-0.00922549,-0.213277,1.61972,-0.278183,0.106808,0.131642,-0.945451
180.375,9.292,-0.0092364,-0.213283,1.61967,-0.277084,0.106629,0.131552,-0.945806
180.383,9.3,-0.00923986,-0.213304,1.61969,-0.27653,0.106043,0.131566,-0.946032
180.392,9.309,-0.00924834,-0.213301,1.61966,-0.275942,0.10587,0.131459,-0.946238
180.4,9.317,-0.00925487,-0.213298,1.61964,-0.275867,0.105716,0.131509,-0.94627
180.408,9.325,-0.00925802,-0.213288,1.61965,-0.275527,0.106071,0.131376,-0.946348
180.417,9.334,-0.00926758,-0.213278,1.61969,-0.27567,0.10604,0.131307,-0.946319
180.425,9.342,-0.00926718,-0.213271,1.61972,-0.275774,0.106153,0.131273,-0.946281
180.433,9.35,-0.00926688,-0.213243,1.61975,-0.276303,0.106016,0.131374,-0.946128
180.442,9.359,-0.00926635,-0.213222,1.61978,-0.27679,0.10659,0.131251,-0.945938
180.45,9.367,-0.00927472,-0.213198,1.61982,-0.276671,0.106896,0.131137,-0.945954
180.458,9.375,-0.00927416,-0.213173,1.61983,-0.278005,0.106627,0.131254,-0.945577
180.467,9.384,-0.00927707,-0.213152,1.61989,-0.278593,0.106685,0.131227,-0.945401
180.475,9.392,-0.00928523,-0.21313,1.61987,-0.278201,0.106875,0.131119,-0.94551
180.483,9.4,-0.00929205,-0.213111,1.61994,-0.278835,0.106278,0.131306,-0.945365
180.492,9.409,-0.00929926,-0.213091,1.61992,-0.279251,0.106538,0.131239,-0.945222
180.5,9.417,-0.00930326,-0.213084,1.61991,-0.27907,0.106463,0.131243,-0.945283
180.508,9.425,-0.0093146,-0.213084,1.61996,-0.279482,0.106648,0.131203,-0.945147
180.517,9.434,-0.0093162,-0.213083,1.61992,-0.278927,0.106545,0.1312,-0.945322
180.525,9.442,-0.00932431,-0.213082,1.61991,-0.278494,0.106045,0.131165,-0.945511
180.533,9.45,-0.00932054,-0.213083,1.61994,-0.277789,0.10681,0.131019,-0.945653
180.542,9.459,-0.00932071,-0.213069,1.61994,-0.278251,0.10622,0.13104,-0.94558
180.55,9.467,-0.00932609,-0.213054,1.61997,-0.278355,0.106357,0.130949,-0.945547
180.558,9.475,-0.00931901,-0.213044,1.61997,-0.277867,0.106661,0.130751,-0.945684
180.567,9.484,-0.0093156,-0.21304,1.61996,-0.277593,0.106555,0.130701,-0.945783
180.575,9.492,-0.00930517,-0.213041,1.61998,-0.278008,0.106942,0.130664,-0.945623
180.583,9.5,-0.00931705,-0.213037,1.62,-0.277764,0.106627,0.130599,-0.945739
180.592,9.509,-0.00931607,-0.213033,1.62,-0.277655,0.106702,0.130576,-0.945765
180.6,9.517,-0.00932014,-0.213026,1.62001,-0.277808,0.106767,0.130519,-0.945721
180.608,9.525,-0.00931967,-0.213021,1.62003,-0.277914,0.106993,0.130443,-0.945675
180.617,9.534,-0.00932197,-0.213011,1.62006,-0.277605,0.107016,0.130325,-0.945779
180.625,9.542,-0.00932032,-0.212988,1.62002,-0.278426,0.107134,0.130361,-0.94552
END,,,,,,,,
