Time[s],Time[s],PressValue,PPhase,AcceX,AcceY,AcceZ,Phase
41.698,0,0.67707,1,-0.235409,-0.289133,1.011966,1
41.716,0.018,0.190574,1,0.000977,-0.193651,1.283395,1
41.734,0.036,0.143199,1,0.240293,-0.233455,1.262637,1
41.75,0.052,0.114042,1,0.080952,-0.509646,1.180953,1
41.768,0.07,0.144493,1,-0.305617,-1.087546,0.92613,1
41.786,0.088,0.134139,1,-0.553114,-1.487179,0.7116,1
41.8,0.102,0.134237,1,-0.245177,-1.264713,0.731868,1
41.816,0.118,0.124444,1,0.133577,-0.784738,0.592918,1
41.832,0.134,0.103053,1,-0.139316,-1.14652,0.746887,1
41.848,0.15,0.100391,1,0.100733,-0.655555,0.607693,1
41.864,0.166,0.08547,1,0.01453,-0.586202,0.545177,1
41.878,0.18,0.099072,1,-0.052626,-0.581074,0.524054,1
41.894,0.196,0.099707,1,-0.058974,-0.411111,0.430037,1
41.912,0.214,0.107766,1,-0.105739,-0.333333,0.388645,1
41.928,0.23,0.114701,1,-0.098535,-0.352503,0.401099,1
41.946,0.248,0.119243,1,-0.063981,-0.251038,0.367644,1
41.962,0.264,0.106178,1,-0.060562,-0.240659,0.373627,1
41.978,0.28,0.095287,1,-0.095727,-0.2442,0.393895,1
41.994,0.296,0.096459,1,-0.087668,-0.080586,0.359952,1
42.01,0.312,0.112186,1,-0.071673,0.050672,0.347986,1
42.024,0.326,0.120659,1,-0.069475,-0.034554,0.451527,1
42.042,0.344,0.130061,1,-0.054579,-0.116728,0.596704,1
42.058,0.36,0.092112,1,-0.093773,-0.105494,0.701221,1
42.074,0.376,0.09663,1,-0.169719,-0.108547,0.801831,1
42.092,0.394,0.102149,1,-0.256533,-0.08315,0.88022,1
42.108,0.41,0.106276,1,-0.338095,0.09768,0.874847,1
42.124,0.426,0.100952,1,-0.457265,0.460928,0.793407,1
42.138,0.44,0.237289,1,-0.641514,-0.238461,0.906105,1
42.156,0.458,0.781758,1,1.576679,-1.803785,2.289744,1
42.172,0.474,0.764322,1,-0.635653,-0.172527,1.102808,1
42.188,0.49,0.751087,1,0.184859,-0.632478,0.926862,1
42.204,0.506,0.765006,1,-0.651526,-0.487546,0.714408,1
42.22,0.522,0.794701,1,-0.19011,-0.370574,0.8779,1
42.236,0.538,0.810476,0,-0.139927,-0.392918,0.904396,1
42.252,0.554,0.829817,0,-0.101709,-0.399634,0.892552,1
42.268,0.57,0.852772,0,-0.115873,-0.397802,0.911111,1
42.284,0.586,0.875653,0,-0.086691,-0.38376,0.932112,1
42.3,0.602,0.883028,0,-0.095116,-0.405983,0.917827,1
42.316,0.618,0.884274,0,-0.165324,-0.390964,0.909524,1
42.334,0.636,0.882466,0,-0.181808,-0.397314,0.889499,1
42.348,0.65,0.878632,0,-0.183761,-0.379365,0.888035,1
42.366,0.668,0.873309,0,-0.116362,-0.404884,0.895116,1
42.382,0.684,0.8621,0,-0.119781,-0.397314,0.897436,1
42.4,0.702,0.850208,0,-0.092064,-0.407326,0.894018,1
42.416,0.718,0.8463,0,-0.126252,-0.400122,0.89475,1
42.432,0.734,0.838803,0,-0.120269,-0.404273,0.891942,1
42.448,0.75,0.83348,0,-0.118193,-0.393895,0.887058,1
42.464,0.766,0.834212,0,-0.1221,-0.395482,0.889133,1
42.48,0.782,0.828303,0,-0.135531,-0.393407,0.89475,1
42.496,0.798,0.83094,0,-0.100244,-0.404274,0.895971,1
42.512,0.814,0.829475,0,-0.092674,-0.401343,0.898046,1
42.528,0.83,0.831795,0,-0.112821,-0.403419,0.892552,1
42.544,0.846,0.836679,0,-0.137363,-0.40232,0.888889,1
42.56,0.862,0.841807,0,-0.149817,-0.391453,0.886813,1
42.576,0.878,0.842637,0,-0.137119,-0.38547,0.885471,1
42.592,0.894,0.841539,0,-0.152381,-0.385836,0.893285,1
42.608,0.91,0.837485,0,-0.131013,-0.401099,0.894872,1
42.624,0.926,0.831184,0,-0.127717,-0.402075,0.896704,1
42.64,0.942,0.82525,0,-0.143712,-0.399023,0.890598,1
42.658,0.96,0.812381,0,-0.165934,-0.377533,0.89243,1
42.674,0.976,0.775556,1,-0.19768,-0.340659,0.928571,1
42.69,0.992,0.668474,1,-0.227961,-0.345421,0.966423,1
42.708,1.01,0.502466,1,-0.199512,-0.287057,1.097802,1
42.724,1.026,0.232405,1,-0.260074,-0.219292,1.321979,1
42.74,1.042,0.144103,1,0.00464,-0.074725,1.484127,1
42.756,1.058,0.150843,1,0.245177,-0.589377,1.142491,1
42.772,1.074,0.132063,1,-0.003175,-0.726862,1.116483,1
42.788,1.09,0.105006,1,-0.295238,-0.95641,0.990232,1
42.804,1.106,0.117534,1,-0.643346,-1.734676,0.983394,1
42.82,1.122,0.11641,1,-0.15287,-0.889133,0.780098,1
42.836,1.138,0.123248,1,0.013675,-0.893651,0.665079,1
42.852,1.154,0.113773,1,-0.113675,-0.959707,0.702687,1
42.868,1.17,0.097705,1,0.036752,-0.793406,0.604396,1
42.884,1.186,0.115922,1,-0.029182,-0.547863,0.489744,1
42.9,1.202,0.111697,1,-0.024421,-0.516239,0.462638,1
42.916,1.218,0.11873,1,-0.089988,-0.393528,0.399756,1
42.932,1.234,0.105128,1,-0.057509,-0.289865,0.357509,1
42.948,1.25,0.116239,1,-0.066178,-0.250183,0.339927,1
42.966,1.268,0.11033,1,-0.08486,-0.234188,0.334921,1
42.982,1.284,0.110745,1,-0.070941,-0.203174,0.335043,1
43,1.302,0.091966,1,-0.071184,-0.150183,0.314774,1
43.016,1.318,0.095409,1,-0.077534,-0.141392,0.339927,1
43.032,1.334,0.087643,1,-0.064225,-0.140049,0.403663,1
43.048,1.35,0.113529,1,-0.066423,-0.118559,0.454579,1
43.066,1.368,0.122222,1,-0.078022,-0.102808,0.502687,1
43.082,1.384,0.116606,1,-0.112698,-0.111721,0.587057,1
43.098,1.4,0.115775,1,-0.210989,-0.23431,0.747497,1
43.114,1.416,0.104249,1,-0.272772,-0.319658,0.871795,1
43.13,1.432,0.106838,1,-0.274725,-0.25812,0.947741,1
43.144,1.446,0.093504,1,-0.2779,-0.168864,0.991209,1
43.16,1.462,0.112112,1,-0.191697,-0.069597,0.971551,1
43.176,1.478,0.144322,1,0.02149,-0.103174,0.946032,1
43.192,1.494,0.780879,1,0.222588,-1.663492,2.249207,1
43.208,1.51,0.875946,0,-0.146276,-0.688523,1.600489,1
43.224,1.526,0.868962,0,0.826252,0.035043,0.946154,1
43.239,1.541,0.880513,0,-1.023932,-0.541636,0.72906,1
43.255,1.557,0.900586,0,-0.11453,-0.372039,0.926008,1
43.271,1.573,0.905104,0,-0.152503,-0.467521,0.889988,1
43.289,1.591,0.912137,0,-0.200732,-0.39536,0.888034,1
43.305,1.607,0.914994,0,-0.145177,-0.416239,0.911722,1
43.321,1.623,0.913089,0,-0.073871,-0.400855,0.922466,1
43.337,1.639,0.904249,0,-0.124908,-0.403663,0.885226,1
43.353,1.655,0.896996,0,-0.15873,-0.389377,0.88425,1
43.369,1.671,0.889841,0,-0.202808,-0.380708,0.881563,1
43.385,1.687,0.888034,0,-0.17497,-0.402442,0.884615,1
43.401,1.703,0.887936,0,-0.12442,-0.405861,0.891819,1
43.417,1.719,0.88547,0,-0.118193,-0.401709,0.893529,1
43.433,1.735,0.885934,0,-0.103297,-0.398291,0.898657,1
43.449,1.751,0.884737,0,-0.134066,-0.398657,0.897436,1
43.467,1.769,0.886056,0,-0.175946,-0.394017,0.886447,1
43.481,1.783,0.887619,0,-0.192796,-0.389744,0.885349,1
43.497,1.799,0.887668,0,-0.172527,-0.394139,0.888767,1
43.515,1.817,0.891209,0,-0.147863,-0.396581,0.893773,1
43.531,1.833,0.889524,0,-0.134677,-0.407082,0.893407,1
43.547,1.849,0.890794,0,-0.154823,-0.398657,0.889621,1
43.563,1.865,0.892576,0,-0.155677,-0.395726,0.888523,1
43.579,1.881,0.89243,0,-0.147375,-0.398413,0.891819,1
43.597,1.899,0.895311,0,-0.147619,-0.394261,0.896337,1
43.613,1.915,0.89558,0,-0.143346,-0.400366,0.898046,1
43.631,1.933,0.896361,0,-0.154701,-0.398657,0.896826,1
43.645,1.947,0.894432,0,-0.16337,-0.400122,0.897436,1
43.663,1.965,0.888816,0,-0.15641,-0.407936,0.90696,1
43.679,1.981,0.878217,0,-0.161905,-0.410622,0.908181,1
43.695,1.997,0.849744,0,-0.030159,-0.403663,1.000244,1
43.709,2.011,0.744322,1,-0.030037,-0.416728,1.213309,1
43.727,2.029,0.507131,1,-0.535409,-0.416728,1.130647,1
43.743,2.045,0.211184,1,-0.735165,-0.726007,1.123688,1
43.759,2.061,0.184518,1,0.316483,-1.035775,1.341392,1
43.777,2.079,0.17094,1,-0.545177,-1.254823,1.280952,1
43.793,2.095,0.148767,1,-0.180342,-0.742491,1.215751,1
43.809,2.111,0.138755,1,0.261538,-0.653846,1.160195,1
43.825,2.127,0.147082,1,-0.168865,-0.505372,1.02906,1
43.841,2.143,0.147204,1,-0.215141,-0.444688,0.885714,1
43.857,2.159,0.151551,1,-0.269353,-0.395726,0.796826,1
43.873,2.175,0.126154,1,-0.20061,-0.268987,0.700855,1
43.889,2.191,0.118413,1,-0.104029,-0.164224,0.599634,1
43.907,2.209,0.131258,1,0.008425,-0.103052,0.540904,1
43.923,2.225,0.111722,1,0.071917,-0.119536,0.518071,1
43.939,2.241,0.103663,1,0.058974,-0.108913,0.477534,1
43.955,2.257,0.127302,1,-0.029915,-0.119902,0.420757,1
43.971,2.273,0.105665,1,-0.059585,-0.110623,0.366422,1
43.989,2.291,0.103956,1,-0.104396,-0.083394,0.3116,1
44.005,2.307,0.126081,1,-0.127839,-0.08718,0.299267,1
44.023,2.325,0.12464,1,-0.119781,-0.179975,0.342491,1
44.039,2.341,0.116093,1,-0.1221,-0.251404,0.378022,1
44.055,2.357,0.099902,1,-0.153114,-0.272283,0.400489,1
44.071,2.373,0.098681,1,-0.183883,-0.31746,0.449939,1
44.087,2.389,0.107179,1,-0.203542,-0.382173,0.513675,1
44.105,2.407,0.114701,1,-0.218193,-0.245299,0.507326,1
44.121,2.423,0.104274,1,-0.22381,-0.037851,0.525397,1
44.139,2.441,0.102076,1,-0.184738,0.014652,0.651038,1
44.155,2.457,0.105934,1,-0.456533,-0.484371,1.079121,1
44.173,2.475,0.591648,1,1.121856,-1.535653,1.467156,1
44.189,2.491,0.885934,0,-0.614774,0.061905,1.986325,1
44.205,2.507,0.86906,0,1.451648,-0.903663,0.773382,1
44.221,2.523,0.87939,0,-1.180831,-0.443712,0.7558,1
44.237,2.539,0.892479,0,0.102686,-0.507081,0.927106,1
44.253,2.555,0.900293,0,-0.349695,-0.395238,0.867766,1
44.269,2.571,0.904811,0,-0.075092,-0.401099,0.908547,1
44.287,2.589,0.911697,0,-0.070696,-0.415384,0.918071,1
44.303,2.605,0.909646,0,-0.078633,-0.402808,0.932845,1
44.319,2.621,0.90398,0,-0.159829,-0.409401,0.863248,1
44.335,2.637,0.897607,0,-0.235775,-0.378632,0.876313,1
44.353,2.655,0.895604,0,-0.228938,-0.370086,0.879609,1
44.367,2.669,0.895971,0,-0.202076,-0.397802,0.871917,1
44.383,2.685,0.895751,0,-0.140781,-0.399145,0.898902,1
44.401,2.703,0.894725,0,-0.116118,-0.404517,0.90464,1
44.417,2.719,0.8937,0,-0.119902,-0.404029,0.892308,1
44.433,2.735,0.893944,0,-0.140049,-0.396581,0.890598,1
44.449,2.751,0.895507,0,-0.178755,-0.39243,0.891331,1
44.465,2.767,0.898633,0,-0.197802,-0.38779,0.881074,1
44.481,2.783,0.900782,0,-0.171307,-0.39475,0.885715,1
44.497,2.799,0.901807,0,-0.131868,-0.402686,0.899267,1
44.513,2.815,0.901905,0,-0.145666,-0.4,0.893529,1
44.529,2.831,0.903541,0,-0.143345,-0.403907,0.900488,1
44.547,2.849,0.9042,0,-0.177778,-0.400488,0.88315,1
44.563,2.865,0.905983,0,-0.173993,-0.394139,0.882539,1
44.579,2.881,0.906276,0,-0.187058,-0.399511,0.882173,1
44.595,2.897,0.909499,0,-0.160317,-0.399389,0.890354,1
44.611,2.913,0.906423,0,-0.139072,-0.405494,0.902198,1
44.627,2.929,0.907302,0,-0.128449,-0.405983,0.902686,1
44.643,2.945,0.907521,0,-0.137973,-0.413065,0.899267,1
44.659,2.961,0.903053,0,-0.169231,-0.425885,0.901709,1
44.677,2.979,0.890476,0,-0.147375,-0.448718,0.92271,1
44.693,2.995,0.858071,0,-0.05641,-0.475214,1.014164,1
44.709,3.011,0.736313,1,-0.145788,-0.607936,1.16276,1
44.725,3.027,0.45873,1,-0.641514,-0.55812,1.13602,1
44.741,3.043,0.221245,1,-0.872528,-0.674237,1.029548,1
44.757,3.059,0.1916,1,-0.117094,-0.905494,1.296215,1
44.773,3.075,0.163492,1,0.15348,-0.756532,1.170208,1
44.791,3.093,0.156923,1,0.193529,-0.605738,1.140537,1
44.807,3.109,0.137998,1,0.152503,-0.599634,1.109646,1
44.823,3.125,0.14735,1,-0.007204,-0.467765,0.995116,1
44.839,3.141,0.135287,1,-0.09011,-0.421978,0.873749,1
44.855,3.157,0.115067,1,-0.328816,-0.511599,0.764835,1
44.871,3.173,0.121734,1,-0.328938,-0.317949,0.679732,1
44.887,3.189,0.114872,1,-0.172283,-0.184371,0.606593,1
44.905,3.207,0.131355,1,-0.102198,-0.181074,0.565445,1
44.919,3.221,0.122173,1,0.012332,-0.162515,0.533333,1
44.935,3.237,0.119829,1,-0.001221,-0.147619,0.494627,1
44.951,3.253,0.104444,1,-0.022344,-0.14127,0.44823,1
44.967,3.269,0.102051,1,-0.115263,-0.138706,0.400611,1
44.981,3.283,0.115336,1,-0.169842,-0.151038,0.381075,1
44.997,3.299,0.098779,1,-0.207815,-0.141392,0.376435,1
45.013,3.315,0.093773,1,-0.239561,-0.11746,0.391453,1
45.029,3.331,0.094286,1,-0.211111,-0.174847,0.461661,1
45.045,3.347,0.113651,1,-0.272039,-0.278388,0.56276,1
45.06,3.362,0.116996,1,-0.278877,-0.283882,0.627961,1
45.076,3.378,0.114017,1,-0.296581,-0.274725,0.667888,1
45.092,3.394,0.10674,1,-0.256044,-0.22967,0.699267,1
45.108,3.41,0.112454,1,-0.257509,0.037241,0.65641,1
45.124,3.426,0.10735,1,-0.250061,0.277045,0.629915,1
45.14,3.442,0.096361,1,-0.288767,0.144811,0.879976,1
45.154,3.456,0.203394,1,0.550305,-2.057631,1.866423,1
45.17,3.472,0.80569,0,0.20757,0.926862,1.32613,1
45.184,3.486,0.833285,0,-0.557632,0.662394,1.690232,1
45.2,3.502,0.824835,0,0.369841,-0.815385,0.754945,1
45.216,3.518,0.842076,0,-0.908791,-0.551892,0.749329,1
45.232,3.534,0.864274,0,0.002075,-0.55702,0.913797,1
45.248,3.55,0.878315,0,-0.226618,-0.401343,0.912576,1
45.266,3.568,0.891966,0,-0.141636,-0.410623,0.907571,1
45.282,3.584,0.901563,0,-0.086691,-0.419292,0.915873,1
45.298,3.6,0.904542,0,-0.04066,-0.414896,0.926008,1
45.316,3.618,0.904884,0,-0.146398,-0.441392,0.871062,1
45.332,3.634,0.89939,0,-0.208059,-0.385348,0.88315,1
45.348,3.65,0.895531,0,-0.21282,-0.385592,0.87265,1
45.364,3.666,0.8916,0,-0.196337,-0.394383,0.870696,1
45.38,3.682,0.887424,0,-0.158364,-0.399145,0.88779,1
45.398,3.7,0.885421,0,-0.115629,-0.405006,0.896948,1
45.414,3.716,0.881319,0,-0.122833,-0.402198,0.896215,1
45.43,3.732,0.879536,0,-0.1337,-0.401221,0.892064,1
45.448,3.75,0.881343,0,-0.164103,-0.39536,0.887424,1
45.464,3.766,0.88315,0,-0.190232,-0.39072,0.884982,1
45.48,3.782,0.884664,0,-0.166178,-0.39768,0.889865,1
45.498,3.8,0.885275,0,-0.121856,-0.40464,0.894994,1
45.514,3.816,0.889377,0,-0.110501,-0.402686,0.901343,1
45.53,3.832,0.888449,0,-0.147619,-0.398901,0.89243,1
45.546,3.848,0.891209,0,-0.162271,-0.393895,0.891697,1
45.562,3.864,0.892308,0,-0.167277,-0.390354,0.892064,1
45.578,3.88,0.892723,0,-0.154335,-0.397558,0.886325,1
45.594,3.896,0.897289,0,-0.143834,-0.40232,0.893773,1
45.61,3.912,0.895946,0,-0.136752,-0.399878,0.899145,1
45.626,3.928,0.895556,0,-0.138462,-0.399878,0.896215,1
45.642,3.944,0.890965,0,-0.145544,-0.395971,0.89768,1
45.658,3.96,0.87602,0,-0.176069,-0.391819,0.904518,1
45.674,3.976,0.84652,0,-0.126984,-0.382662,0.940659,1
45.69,3.992,0.768742,1,-0.098535,-0.344078,1.060684,1
45.706,4.008,0.544689,1,-0.37265,-0.107692,1.285348,1
45.724,4.026,0.22884,1,-0.516239,-0.289255,1.337607,1
45.74,4.042,0.144591,1,-0.284127,-0.785958,1.273871,1
45.756,4.058,0.150379,1,0.417582,-1.365446,1.27497,1
45.772,4.074,0.143346,1,-0.681563,-1.27619,1.264958,1
45.79,4.092,0.145885,1,0.125519,-0.589866,1.057143,1
45.806,4.108,0.160488,1,0.125274,-0.748718,1.017949,1
45.822,4.124,0.127009,1,-0.171062,-0.613675,0.881563,1
45.838,4.14,0.133529,1,-0.057998,-0.521367,0.759218,1
45.856,4.158,0.118193,1,-0.147497,-0.452381,0.664469,1
45.872,4.174,0.114139,1,-0.08022,-0.321367,0.564591,1
45.888,4.19,0.120977,1,-0.034188,-0.255433,0.490598,1
45.904,4.206,0.118559,1,0.017338,-0.202808,0.418315,1
45.922,4.224,0.141221,1,0.032723,-0.168986,0.357143,1
45.938,4.24,0.114115,1,0.010745,-0.173748,0.3221,1
45.954,4.256,0.098559,1,-0.027961,-0.17094,0.301709,1
45.97,4.272,0.115018,1,-0.090843,-0.181197,0.296825,1
45.986,4.288,0.119658,1,-0.112698,-0.148351,0.282174,1
46.004,4.306,0.12884,1,-0.146887,-0.149084,0.291087,1
46.02,4.322,0.122662,1,-0.160073,-0.181929,0.350183,1
46.036,4.338,0.119316,1,-0.182051,-0.219169,0.450916,1
46.052,4.354,0.119902,1,-0.211478,-0.357265,0.582051,1
46.068,4.37,0.121245,1,-0.237973,-0.403419,0.664713,1
46.084,4.386,0.108547,1,-0.23138,-0.337973,0.68315,1
46.1,4.402,0.107131,1,-0.259585,-0.195726,0.679121,1
46.116,4.418,0.099194,1,-0.30928,0.058608,0.67387,1
46.132,4.434,0.101612,1,-0.251038,0.205739,0.752015,1
46.148,4.45,0.09431,1,0.196459,-0.435531,1.161661,1
46.164,4.466,0.57497,1,0.952869,-0.415751,0.659951,1
46.18,4.482,0.851233,0,-1.237119,-0.127839,2.145422,1
46.196,4.498,0.832552,0,0.498168,-0.488645,0.720879,1
46.212,4.514,0.830769,0,-0.839927,-0.500488,0.761417,1
46.228,4.53,0.844078,0,0.254823,-0.649451,0.868865,1
46.246,4.548,0.857387,0,-0.347008,-0.321245,0.943346,1
46.262,4.564,0.861563,0,-0.04591,-0.511721,0.861538,1
46.28,4.582,0.873797,0,-0.065934,-0.366789,0.952992,1
46.296,4.598,0.879268,0,-0.064103,-0.401465,0.878266,1
46.312,4.614,0.87558,0,-0.139438,-0.381196,0.901832,1
46.328,4.63,0.870843,0,-0.1779,-0.363614,0.89475,1
46.342,4.644,0.865226,0,-0.213431,-0.393651,0.880097,1
46.358,4.66,0.86,0,-0.188034,-0.394749,0.879976,1
46.374,4.676,0.856264,0,-0.141881,-0.398535,0.887912,1
46.388,4.69,0.853187,0,-0.091941,-0.401099,0.898169,1
46.406,4.708,0.85326,0,-0.113431,-0.403785,0.895727,1
46.422,4.724,0.851087,0,-0.138706,-0.404884,0.888767,1
46.438,4.74,0.848352,0,-0.138339,-0.399512,0.889133,1
46.454,4.756,0.84906,0,-0.150061,-0.394506,0.887912,1
46.468,4.77,0.849915,0,-0.160074,-0.393895,0.884494,1
46.484,4.786,0.84884,0,-0.129182,-0.403052,0.890964,1
46.5,4.802,0.851746,0,-0.107204,-0.406105,0.899023,1
46.518,4.82,0.852235,0,-0.121245,-0.40525,0.894994,1
46.534,4.836,0.854896,0,-0.137119,-0.402564,0.890354,1
46.55,4.852,0.857241,0,-0.164591,-0.394994,0.888889,1
46.566,4.868,0.861368,0,-0.156777,-0.396703,0.889866,1
46.582,4.884,0.862515,0,-0.125763,-0.403541,0.894384,1
46.598,4.9,0.860782,0,-0.125641,-0.400977,0.891941,1
46.614,4.916,0.859219,0,-0.130281,-0.396459,0.894017,1
46.63,4.932,0.849524,0,-0.139683,-0.399878,0.888278,1
46.648,4.95,0.833236,0,-0.150306,-0.383272,0.905129,1
46.664,4.966,0.769133,1,-0.327595,-0.285836,0.951282,1
46.68,4.982,0.562662,1,-0.327717,-0.258974,1.058363,1
46.696,4.998,0.28569,1,-0.295604,-0.245788,1.206594,1
46.714,5.016,0.179267,1,0.00061,-0.163248,1.402442,1
46.73,5.032,0.133162,1,0.209402,-0.462881,1.284738,1
46.746,5.048,0.133651,1,-0.135165,-0.683639,1.188889,1
46.762,5.064,0.116777,1,-0.221978,-1.037607,0.894383,1
46.778,5.08,0.122295,1,-0.333578,-1.848962,0.984127,1
46.794,5.096,0.116386,1,-0.146032,-0.992308,0.774359,1
46.81,5.112,0.092063,1,0.226618,-0.993529,0.749939,1
46.826,5.128,0.109451,1,-0.127839,-1.029914,0.743223,1
46.84,5.142,0.108083,1,0.098046,-0.701465,0.604274,1
46.856,5.158,0.117582,1,-0.043956,-0.608791,0.551893,1
46.871,5.173,0.099121,1,-0.052992,-0.497924,0.485348,1
46.887,5.189,0.114139,1,-0.124664,-0.34591,0.371184,1
46.905,5.207,0.106911,1,-0.149573,-0.243468,0.292552,1
46.921,5.223,0.122369,1,-0.105983,-0.108181,0.238461,1
46.937,5.239,0.11304,1,-0.091941,0.012088,0.205372,1
46.953,5.255,0.124493,1,-0.073504,0.060806,0.220391,1
46.969,5.271,0.136435,1,-0.05812,-0.018193,0.294505,1
46.985,5.287,0.133675,1,-0.084493,-0.033822,0.339805,1
47.001,5.303,0.117411,1,-0.114896,-0.042857,0.385226,1
47.017,5.319,0.119292,1,-0.153114,-0.103907,0.469231,1
47.033,5.335,0.093748,1,-0.175824,-0.07497,0.525152,1
47.049,5.351,0.101856,1,-0.191087,-0.028571,0.60867,1
47.065,5.367,0.106471,1,-0.227351,-0.092918,0.755067,1
47.081,5.383,0.104151,1,-0.353968,-0.11917,0.892918,1
47.097,5.399,0.085543,1,-0.467033,-0.00293,0.979976,1
47.113,5.415,0.089768,1,-0.639195,-0.207814,1.168498,1
47.129,5.431,0.444029,1,0.683639,-1.641636,1.247863,1
47.147,5.449,0.852186,0,0.528449,-0.34188,2.09243,1
47.161,5.463,0.843077,0,0.46337,0.44652,0.910135,1
47.177,5.479,0.857998,0,-0.787058,-0.639682,0.71746,1
47.193,5.495,0.878169,0,-0.52149,-0.390964,0.826618,1
47.209,5.511,0.895067,0,-0.294994,-0.370208,0.896215,1
47.225,5.527,0.902344,0,-0.173627,-0.402198,0.887668,1
47.241,5.543,0.910305,0,-0.015507,-0.429426,0.928205,1
47.257,5.559,0.910086,0,-0.01453,-0.385348,0.937362,1
47.273,5.575,0.906667,0,-0.139072,-0.408913,0.903297,1
47.289,5.591,0.900415,0,-0.190965,-0.399267,0.875703,1
47.305,5.607,0.895995,0,-0.244322,-0.383516,0.871551,1
47.321,5.623,0.891331,0,-0.179487,-0.391209,0.887546,1
47.337,5.639,0.888645,0,-0.125763,-0.415995,0.887424,1
47.355,5.657,0.886886,0,-0.117095,-0.403174,0.896093,1
47.369,5.671,0.883883,0,-0.136264,-0.391697,0.89475,1
47.385,5.687,0.879536,0,-0.142369,-0.401953,0.888889,1
47.401,5.703,0.878926,0,-0.150183,-0.394994,0.886936,1
47.419,5.721,0.879341,0,-0.16801,-0.403052,0.882417,1
47.435,5.737,0.881978,0,-0.160196,-0.400977,0.886691,1
47.453,5.755,0.879414,0,-0.121856,-0.408181,0.89304,1
47.469,5.771,0.879438,0,-0.124298,-0.401221,0.896704,1
47.485,5.787,0.88254,0,-0.116728,-0.404518,0.892919,1
47.501,5.803,0.881758,0,-0.149817,-0.405372,0.889743,1
47.519,5.821,0.88,0,-0.171673,-0.4,0.885959,1
47.535,5.837,0.880269,0,-0.156898,-0.404029,0.886813,1
47.551,5.853,0.878388,0,-0.142979,-0.401587,0.889255,1
47.567,5.869,0.876264,0,-0.131502,-0.402075,0.89011,1
47.585,5.887,0.86696,0,-0.158486,-0.38254,0.885715,1
47.601,5.903,0.859097,0,-0.154579,-0.384615,0.882906,1
47.617,5.919,0.837753,0,-0.179976,-0.368742,0.91746,1
47.633,5.935,0.780708,1,-0.188034,-0.377778,0.941148,1
47.649,5.951,0.626374,1,-0.240415,-0.2779,1.0895,1
47.665,5.967,0.327912,1,-0.48486,-0.107937,1.311966,1
47.681,5.983,0.160977,1,-0.251038,-0.244444,1.422345,1
47.697,5.999,0.14652,1,0.159096,-0.591453,1.262272,1
47.713,6.015,0.148156,1,0.182906,-0.93834,1.12149,1
47.729,6.031,0.137582,1,-0.583883,-1.550305,0.96337,1
47.745,6.047,0.11895,1,-0.633822,-1.482295,0.999267,1
47.761,6.063,0.117753,1,0.228327,-0.900855,0.792796,1
47.777,6.079,0.120195,1,-0.241758,-1.034798,0.778755,1
47.793,6.095,0.117509,1,0.028205,-0.684982,0.668132,1
47.809,6.111,0.099145,1,-0.068987,-0.668498,0.61221,1
47.827,6.129,0.105153,1,-0.052747,-0.470573,0.531135,1
47.843,6.145,0.111697,1,-0.018926,-0.421489,0.507204,1
47.861,6.163,0.126984,1,-0.025275,-0.38779,0.52503,1
47.877,6.179,0.113358,1,0.015262,-0.088889,0.39768,1
47.893,6.195,0.124567,1,0.010622,0.047619,0.30757,1
47.909,6.211,0.122662,1,-0.042491,-0.005983,0.324786,1
47.927,6.229,0.121123,1,-0.065812,-0.00293,0.329426,1
47.945,6.247,0.104786,1,-0.103908,-0.052869,0.344567,1
47.963,6.265,0.10862,1,-0.123443,-0.143834,0.390843,1
47.979,6.281,0.121441,1,-0.118315,-0.174115,0.427106,1
47.995,6.297,0.124151,1,-0.137363,-0.129182,0.448474,1
48.011,6.313,0.127766,1,-0.159707,-0.119414,0.485958,1
48.027,6.329,0.126862,1,-0.18779,-0.175946,0.55641,1
48.043,6.345,0.125617,1,-0.185714,-0.248229,0.646276,1
48.059,6.361,0.126349,1,-0.201587,-0.294261,0.73602,1
48.077,6.379,0.126667,1,-0.17033,-0.242491,0.823199,1
48.093,6.395,0.114261,1,-0.09939,-0.049939,0.888401,1
48.109,6.411,0.199585,1,0.166422,-0.370085,1.204396,1
48.125,6.427,0.865959,0,0.197802,-1.041026,1.413187,1
48.141,6.443,0.859585,0,0.499634,0.362149,1.220757,1
48.157,6.459,0.85094,0,-0.193407,-0.869353,0.847864,1
48.175,6.477,0.861978,0,-0.661905,-0.467399,0.683272,1
48.191,6.493,0.882198,0,-0.022833,-0.445665,0.927228,1
48.207,6.509,0.895873,0,-0.158486,-0.412698,0.875946,1
48.223,6.525,0.905397,0,0.04188,-0.393895,0.960562,1
48.239,6.541,0.911233,0,-0.0453,-0.414041,0.933089,1
48.257,6.559,0.911087,0,-0.096093,-0.446398,0.913675,1
48.273,6.575,0.906984,0,-0.21685,-0.424176,0.848474,1
48.289,6.591,0.904689,0,-0.274726,-0.384493,0.854823,1
48.305,6.607,0.901392,0,-0.212454,-0.394139,0.872039,1
48.321,6.623,0.900757,0,-0.155312,-0.411477,0.872772,1
48.337,6.639,0.900537,0,-0.15873,-0.407815,0.883638,1
48.353,6.655,0.898486,0,-0.128572,-0.396092,0.894506,1
48.369,6.671,0.897167,0,-0.112088,-0.407448,0.899755,1
48.385,6.687,0.89641,0,-0.158242,-0.39939,0.892552,1
48.403,6.705,0.896142,0,-0.169719,-0.40232,0.886203,1
48.419,6.721,0.89746,0,-0.150794,-0.406105,0.889377,1
48.435,6.737,0.897485,0,-0.149695,-0.402075,0.892307,1
48.451,6.753,0.897924,0,-0.140904,-0.4,0.897314,1
48.467,6.769,0.898828,0,-0.118437,-0.404395,0.895116,1
48.483,6.785,0.899267,0,-0.107204,-0.410989,0.892674,1
48.499,6.801,0.899072,0,-0.178632,-0.402808,0.882539,1
48.515,6.817,0.900537,0,-0.170818,-0.401709,0.885471,1
48.531,6.833,0.900073,0,-0.169841,-0.403541,0.883028,1
48.547,6.849,0.9,0,-0.14127,-0.400244,0.887302,1
48.563,6.865,0.900073,0,-0.129548,-0.406837,0.891331,1
48.579,6.881,0.899536,0,-0.141514,-0.399023,0.888278,1
48.595,6.897,0.896996,0,-0.156655,-0.392185,0.889011,1
48.611,6.913,0.88801,0,-0.16044,-0.39536,0.89243,1
48.627,6.929,0.867863,0,-0.194261,-0.391087,0.91221,1
48.643,6.945,0.8158,0,-0.182418,-0.36569,0.965934,1
48.661,6.963,0.656557,1,-0.319536,-0.267155,1.087546,1
48.677,6.979,0.3863,1,-0.448352,-0.198901,1.239194,1
48.692,6.994,0.179341,1,-0.237363,-0.687301,1.114408,1
48.71,7.012,0.175629,1,-0.016972,-0.766911,1.181197,1
48.726,7.028,0.146471,1,0.165568,-1.251648,1.056288,1
48.742,7.044,0.129255,1,-0.776679,-1.458608,1.102687,1
48.758,7.06,0.118046,1,0.00757,-0.800122,0.955555,1
48.774,7.076,0.125055,1,-0.006593,-0.860806,0.918437,1
48.792,7.094,0.116313,1,-0.122833,-0.751526,0.878144,1
48.808,7.11,0.115531,1,-0.065812,-0.528449,0.74359,1
48.824,7.126,0.086764,1,-0.112332,-0.457753,0.678022,1
48.842,7.144,0.112454,1,-0.07265,-0.361782,0.622955,1
48.858,7.16,0.137192,1,-0.084372,-0.260317,0.558486,1
48.874,7.176,0.106984,1,-0.051282,-0.09939,0.46044,1
48.892,7.194,0.126276,1,-0.01746,0.009646,0.347619,1
48.908,7.21,0.105861,1,-0.050794,0.03199,0.306838,1
48.926,7.228,0.120879,1,-0.063736,0.005372,0.322344,1
48.942,7.244,0.142247,1,-0.116728,0.008059,0.319658,1
48.958,7.26,0.133089,1,-0.129793,-0.01685,0.347131,1
48.972,7.274,0.131233,1,-0.161661,-0.076679,0.415141,1
48.99,7.292,0.132601,1,-0.187913,-0.093529,0.469231,1
49.006,7.308,0.117778,1,-0.211599,-0.087301,0.532112,1
49.022,7.324,0.12083,1,-0.239927,-0.174603,0.662515,1
49.038,7.34,0.114872,1,-0.241026,-0.272649,0.803174,1
49.054,7.356,0.116532,1,-0.284249,-0.151038,0.855067,1
49.072,7.374,0.114164,1,-0.31917,0.050427,0.901832,1
49.088,7.39,0.309377,1,-0.152503,-0.811233,1.059585,1
49.104,7.406,0.858877,0,0.59072,-1.235775,2.09072,1
49.12,7.422,0.821172,0,-0.00403,0.600855,0.823688,1
49.138,7.44,0.837265,0,-0.695482,-0.734066,0.789866,1
49.154,7.456,0.8663,0,-0.588889,-0.409768,0.777411,1
49.17,7.472,0.892918,0,-0.145543,-0.428693,0.917949,1
49.188,7.49,0.903834,0,-0.308059,-0.404029,0.869841,1
49.204,7.506,0.911477,0,-0.162393,-0.402075,0.90757,1
49.22,7.522,0.913871,0,-0.067888,-0.431624,0.928327,1
49.236,7.538,0.912308,0,-0.066178,-0.428449,0.926862,1
49.252,7.554,0.908083,0,-0.172284,-0.415995,0.880586,1
49.268,7.57,0.904469,0,-0.222955,-0.391453,0.874481,1
49.286,7.588,0.900782,0,-0.202197,-0.38779,0.880097,1
49.302,7.604,0.900049,0,-0.190721,-0.396337,0.871918,1
49.318,7.62,0.899683,0,-0.194383,-0.404396,0.870696,1
49.334,7.636,0.898242,0,-0.167277,-0.407082,0.885714,1
49.35,7.652,0.897363,0,-0.137729,-0.402197,0.905128,1
49.368,7.67,0.89834,0,-0.158486,-0.407082,0.897192,1
49.384,7.686,0.9,0,-0.186813,-0.402686,0.886203,1
49.4,7.702,0.900708,0,-0.186814,-0.404518,0.878388,1
49.416,7.718,0.90083,0,-0.168377,-0.405372,0.882662,1
49.432,7.734,0.901416,0,-0.164713,-0.406227,0.885593,1
49.448,7.75,0.901563,0,-0.175702,-0.398168,0.882662,1
49.464,7.766,0.900684,0,-0.18022,-0.399878,0.88083,1
49.48,7.782,0.900513,0,-0.171795,-0.399633,0.884249,1
49.496,7.798,0.900244,0,-0.14127,-0.402075,0.892186,1
49.512,7.814,0.900171,0,-0.154213,-0.405494,0.890964,1
49.528,7.83,0.900806,0,-0.155556,-0.404029,0.890354,1
49.546,7.848,0.900122,0,-0.148107,-0.404395,0.892797,1
49.562,7.864,0.89641,0,-0.163493,-0.386202,0.895971,1
49.578,7.88,0.889353,0,-0.110989,-0.394505,0.902076,1
49.594,7.896,0.868596,0,-0.088401,-0.404518,0.942369,1
49.61,7.912,0.797485,1,-0.169353,-0.361783,1.018315,1
49.626,7.928,0.604469,1,-0.331502,-0.192552,1.136875,1
49.642,7.944,0.293138,1,-0.476679,-0.295116,1.206227,1
49.658,7.96,0.157045,1,-0.354823,-0.603174,1.213553,1
49.674,7.976,0.165348,1,0.117338,-0.730159,1.201343,1
49.69,7.992,0.130354,1,0.322588,-1.330159,1.140293,1
49.706,8.008,0.151648,1,-1.393041,-1.30696,1.060684,1
49.722,8.024,0.139292,1,-0.252259,-0.800244,0.958975,1
49.738,8.04,0.160708,1,-0.055312,-0.718925,0.90989,1
49.754,8.056,0.13514,1,-0.326984,-0.691941,0.882906,1
49.77,8.072,0.139976,1,-0.03309,-0.48376,0.76508,1
49.786,8.088,0.130525,1,-0.112943,-0.468254,0.694506,1
49.802,8.104,0.132405,1,-0.088401,-0.332356,0.602198,1
49.816,8.118,0.111233,1,-0.103053,-0.27326,0.531624,1
49.832,8.134,0.125153,1,-0.062027,-0.189499,0.462638,1
49.848,8.15,0.110061,1,-0.053602,-0.15409,0.405739,1
49.864,8.166,0.109304,1,-0.050916,-0.139194,0.363126,1
49.88,8.182,0.096728,1,-0.046032,-0.074603,0.307448,1
49.896,8.198,0.104029,1,-0.03895,-0.05409,0.301099,1
49.912,8.214,0.117118,1,-0.075214,-0.148962,0.344933,1
49.928,8.23,0.126398,1,-0.113553,-0.147375,0.355311,1
49.944,8.246,0.112112,1,-0.119781,-0.112821,0.362149,1
49.962,8.264,0.118437,1,-0.167033,-0.131502,0.403907,1
49.978,8.28,0.11558,1,-0.203052,-0.175214,0.501343,1
49.994,8.296,0.119194,1,-0.193284,-0.239194,0.632479,1
50.01,8.312,0.120562,1,-0.240659,-0.341148,0.764347,1
50.026,8.328,0.122198,1,-0.280952,-0.275458,0.827473,1
50.042,8.344,0.117167,1,-0.332845,-0.064957,0.844932,1
50.06,8.362,0.114969,1,-0.298535,0.021368,0.884494,1
50.076,8.378,0.232161,1,-0.250427,-1.478022,1.398047,1
50.092,8.394,0.83392,0,-0.223199,0.359952,1.412088,1
50.108,8.41,0.835629,0,0.331135,0.113432,1.133577,1
50.124,8.426,0.841075,0,-0.052747,-0.580708,0.854457,1
50.14,8.442,0.861294,0,-0.752259,-0.552747,0.774115,1
50.158,8.46,0.881685,0,-0.132723,-0.432967,0.911478,1
50.174,8.476,0.890989,0,-0.298901,-0.426496,0.87094,1
50.19,8.492,0.896874,0,-0.192063,-0.400488,0.888034,1
50.206,8.508,0.90149,0,-0.127106,-0.416972,0.903541,1
50.224,8.526,0.90254,0,-0.088401,-0.394017,0.913431,1
50.24,8.542,0.899365,0,-0.172283,-0.441514,0.888278,1
50.256,8.558,0.895604,0,-0.218437,-0.382418,0.884127,1
50.272,8.574,0.892796,0,-0.192796,-0.400366,0.879243,1
50.288,8.59,0.891282,0,-0.157997,-0.407326,0.882295,1
50.304,8.606,0.889524,0,-0.164835,-0.401465,0.887302,1
50.32,8.622,0.887888,0,-0.16105,-0.404395,0.886325,1
50.336,8.638,0.886618,0,-0.131136,-0.406227,0.891209,1
50.352,8.654,0.886764,0,-0.133944,-0.408058,0.892064,1
50.368,8.67,0.887057,0,-0.175458,-0.405128,0.881563,1
50.386,8.688,0.888523,0,-0.185226,-0.401709,0.881807,1
50.402,8.704,0.891014,0,-0.187668,-0.39768,0.887668,1
50.418,8.72,0.890794,0,-0.180342,-0.400122,0.882662,1
50.436,8.738,0.891209,0,-0.158486,-0.401587,0.887058,1
50.452,8.754,0.890501,0,-0.155189,-0.401831,0.890232,1
50.468,8.77,0.890183,0,-0.125031,-0.40696,0.894872,1
50.484,8.786,0.89094,0,-0.152137,-0.402686,0.892064,1
50.502,8.804,0.891673,0,-0.169841,-0.396337,0.890476,1
50.517,8.819,0.891404,0,-0.159829,-0.401465,0.889011,1
50.535,8.837,0.890867,0,-0.148718,-0.403907,0.89011,1
50.551,8.853,0.889109,0,-0.144323,-0.403297,0.892674,1
50.567,8.869,0.887106,0,-0.147131,-0.398169,0.892674,1
50.583,8.885,0.885812,0,-0.134433,-0.40061,0.896581,1
50.599,8.901,0.870159,0,-0.084372,-0.409035,0.978144,1
50.615,8.917,0.823272,0,-0.415629,-0.367643,0.873504,1
50.631,8.933,0.764567,1,-0.180953,-0.421001,0.869475,1
50.647,8.949,0.718535,1,-0.129548,-0.430769,0.872283,1
50.663,8.965,0.664249,1,-0.057265,-0.398779,0.893529,1
50.679,8.981,0.623761,1,-0.033334,-0.409646,0.880708,1
50.695,8.997,0.620195,1,-0.059097,-0.405616,0.880098,1
50.711,9.013,0.612576,1,-0.064713,-0.393284,0.890598,1
50.727,9.029,0.626716,1,-0.09243,-0.400732,0.889499,1
50.743,9.045,0.638559,1,-0.160318,-0.402686,0.889133,1
50.759,9.061,0.630232,1,-0.185714,-0.403541,0.88779,1
50.775,9.077,0.61199,1,-0.181441,-0.400488,0.892796,1
50.791,9.093,0.617998,1,-0.148596,-0.405128,0.891819,1
50.807,9.109,0.592918,1,-0.127228,-0.404274,0.886691,1
50.823,9.125,0.578437,1,-0.107448,-0.408303,0.885837,1
50.841,9.143,0.572991,1,-0.100489,-0.409524,0.885348,1
50.857,9.159,0.585495,1,-0.096582,-0.403663,0.887057,1
50.875,9.177,0.574432,1,-0.122588,-0.407326,0.882295,1
50.891,9.193,0.576459,1,-0.14359,-0.411355,0.884005,1
50.907,9.209,0.574286,1,-0.144078,-0.410745,0.887912,1
50.923,9.225,0.57475,1,-0.14713,-0.406349,0.887668,1
50.941,9.243,0.562979,1,-0.125885,-0.405738,0.890476,1
50.957,9.259,0.564566,1,-0.108547,-0.405739,0.891209,1
50.973,9.275,0.563028,1,-0.100611,-0.409646,0.893773,1
50.991,9.293,0.5663,1,-0.102442,-0.407448,0.890354,1
51.007,9.309,0.564322,1,-0.113798,-0.408547,0.886691,1
51.023,9.325,0.562393,1,-0.129915,-0.403174,0.885959,1
51.039,9.341,0.556581,1,-0.119658,-0.409524,0.888401,1
51.055,9.357,0.561148,1,-0.103419,-0.411477,0.889744,1
51.069,9.371,0.568205,1,-0.110989,-0.408791,0.894628,1
51.085,9.387,0.571624,1,-0.110134,-0.40696,0.896581,1
51.101,9.403,0.570159,1,-0.11514,-0.406227,0.894262,1
51.117,9.419,0.566032,1,-0.111722,-0.410378,0.888401,1
